[
    {
        "id": "f6f2187d.f17ca8",
        "type": "tab",
        "label": "Indus2000",
        "disabled": false,
        "info": ""
    },
    {
        "id": "dcde2cac1406ecbd",
        "type": "ui_base",
        "theme": {
            "name": "theme-light",
            "lightTheme": {
                "default": "#0094CE",
                "baseColor": "#0094CE",
                "baseFont": "-apple-system,BlinkMacSystemFont,Segoe UI,Roboto,Oxygen-Sans,Ubuntu,Cantarell,Helvetica Neue,sans-serif",
                "edited": true,
                "reset": false
            },
            "darkTheme": {
                "default": "#097479",
                "baseColor": "#097479",
                "baseFont": "-apple-system,BlinkMacSystemFont,Segoe UI,Roboto,Oxygen-Sans,Ubuntu,Cantarell,Helvetica Neue,sans-serif",
                "edited": true,
                "reset": false
            },
            "customTheme": {
                "name": "Untitled Theme 1",
                "default": "#4B7930",
                "baseColor": "#4B7930",
                "baseFont": "-apple-system,BlinkMacSystemFont,Segoe UI,Roboto,Oxygen-Sans,Ubuntu,Cantarell,Helvetica Neue,sans-serif",
                "reset": false
            },
            "themeState": {
                "base-color": {
                    "default": "#0094CE",
                    "value": "#0094CE",
                    "edited": false
                },
                "page-titlebar-backgroundColor": {
                    "value": "#0094CE",
                    "edited": false
                },
                "page-backgroundColor": {
                    "value": "#fafafa",
                    "edited": false
                },
                "page-sidebar-backgroundColor": {
                    "value": "#ffffff",
                    "edited": false
                },
                "group-textColor": {
                    "value": "#1bbfff",
                    "edited": false
                },
                "group-borderColor": {
                    "value": "#ffffff",
                    "edited": false
                },
                "group-backgroundColor": {
                    "value": "#ffffff",
                    "edited": false
                },
                "widget-textColor": {
                    "value": "#111111",
                    "edited": false
                },
                "widget-backgroundColor": {
                    "value": "#0094ce",
                    "edited": false
                },
                "widget-borderColor": {
                    "value": "#ffffff",
                    "edited": false
                },
                "base-font": {
                    "value": "-apple-system,BlinkMacSystemFont,Segoe UI,Roboto,Oxygen-Sans,Ubuntu,Cantarell,Helvetica Neue,sans-serif"
                }
            },
            "angularTheme": {
                "primary": "indigo",
                "accents": "blue",
                "warn": "red",
                "background": "grey",
                "palette": "light"
            }
        },
        "site": {
            "name": "Indus2000",
            "hideToolbar": "false",
            "allowSwipe": "false",
            "lockMenu": "false",
            "allowTempTheme": "false",
            "dateFormat": "DD/MM/YYYY",
            "sizes": {
                "sx": 48,
                "sy": 48,
                "gx": 6,
                "gy": 6,
                "cx": 6,
                "cy": 6,
                "px": 0,
                "py": 0
            }
        }
    },
    {
        "id": "bf9250358d347a26",
        "type": "ui_group",
        "name": "Indicateurs Cuve-01",
        "tab": "d7d56e92e6a4d329",
        "order": 1,
        "disp": true,
        "width": "6",
        "collapse": false,
        "className": ""
    },
    {
        "id": "d7d56e92e6a4d329",
        "type": "ui_tab",
        "name": "Supervision",
        "icon": "show_chart",
        "order": 1,
        "disabled": false,
        "hidden": false
    },
    {
        "id": "fb3d72d40e01008a",
        "type": "ui_group",
        "name": "Indicateurs Cuve-05",
        "tab": "d7d56e92e6a4d329",
        "order": 5,
        "disp": true,
        "width": "6",
        "collapse": false,
        "className": ""
    },
    {
        "id": "3a63e85d390a5e8a",
        "type": "ui_group",
        "name": "Indicateurs Cuve-03",
        "tab": "d7d56e92e6a4d329",
        "order": 3,
        "disp": true,
        "width": "6",
        "collapse": false,
        "className": ""
    },
    {
        "id": "42fb5fbdeb9f852d",
        "type": "ui_group",
        "name": "Indicateurs Cuve-04",
        "tab": "d7d56e92e6a4d329",
        "order": 4,
        "disp": true,
        "width": "6",
        "collapse": false,
        "className": ""
    },
    {
        "id": "14dc49e23727cf2c",
        "type": "ui_group",
        "name": "Indicateurs Cuve-02",
        "tab": "d7d56e92e6a4d329",
        "order": 2,
        "disp": true,
        "width": "6",
        "collapse": false,
        "className": ""
    },
    {
        "id": "62286305dd32adb6",
        "type": "ui_tab",
        "name": "Controles",
        "icon": "build",
        "order": 2,
        "disabled": false,
        "hidden": false
    },
    {
        "id": "3c692b974ea0568e",
        "type": "ui_group",
        "name": "Controles Cuve-01",
        "tab": "62286305dd32adb6",
        "order": 1,
        "disp": true,
        "width": "6",
        "collapse": false,
        "className": ""
    },
    {
        "id": "7ec7e813549bc846",
        "type": "ui_group",
        "name": "Controles Cuve-02",
        "tab": "62286305dd32adb6",
        "order": 2,
        "disp": true,
        "width": "6",
        "collapse": false,
        "className": ""
    },
    {
        "id": "82efa7a6c7ec4155",
        "type": "ui_group",
        "name": "Controles Cuve-03",
        "tab": "62286305dd32adb6",
        "order": 3,
        "disp": true,
        "width": "6",
        "collapse": false,
        "className": ""
    },
    {
        "id": "f806e77ed84b0abc",
        "type": "ui_group",
        "name": "Controles Cuve-04",
        "tab": "62286305dd32adb6",
        "order": 4,
        "disp": true,
        "width": "6",
        "collapse": false,
        "className": ""
    },
    {
        "id": "e1f821ede2a7de2f",
        "type": "ui_group",
        "name": "Controles Cuve-05",
        "tab": "62286305dd32adb6",
        "order": 5,
        "disp": true,
        "width": "6",
        "collapse": false,
        "className": ""
    },
    {
        "id": "4960d68473603c84",
        "type": "mqtt-broker",
        "name": "mqttbrk",
        "broker": "mqttbrk",
        "port": "1883",
        "clientid": "",
        "autoConnect": true,
        "usetls": false,
        "protocolVersion": "4",
        "keepalive": "60",
        "cleansession": true,
        "birthTopic": "",
        "birthQos": "0",
        "birthPayload": "",
        "birthMsg": {},
        "closeTopic": "",
        "closeQos": "0",
        "closePayload": "",
        "closeMsg": {},
        "willTopic": "",
        "willQos": "0",
        "willPayload": "",
        "willMsg": {},
        "userProps": "",
        "sessionExpiry": ""
    },
    {
        "id": "6dca4ebe0e0e35b8",
        "type": "ui_gauge",
        "z": "f6f2187d.f17ca8",
        "name": "",
        "group": "14dc49e23727cf2c",
        "order": 2,
        "width": 0,
        "height": 0,
        "gtype": "gage",
        "title": "Sonde Temperature",
        "label": "°C",
        "format": "{{value}}",
        "min": 0,
        "max": "400",
        "colors": [
            "#00b500",
            "#e6e600",
            "#ca3838"
        ],
        "seg1": "",
        "seg2": "",
        "className": "",
        "x": 450,
        "y": 500,
        "wires": []
    },
    {
        "id": "1ea70cd58eb53ead",
        "type": "ui_gauge",
        "z": "f6f2187d.f17ca8",
        "name": "",
        "group": "bf9250358d347a26",
        "order": 2,
        "width": 0,
        "height": 0,
        "gtype": "gage",
        "title": "Sonde Temperature",
        "label": "°C",
        "format": "{{value}}",
        "min": 0,
        "max": "400",
        "colors": [
            "#00b500",
            "#e6e600",
            "#ca3838"
        ],
        "seg1": "",
        "seg2": "",
        "className": "",
        "x": 190,
        "y": 500,
        "wires": []
    },
    {
        "id": "6d43ca15fe37a9b5",
        "type": "ui_gauge",
        "z": "f6f2187d.f17ca8",
        "name": "",
        "group": "3a63e85d390a5e8a",
        "order": 2,
        "width": 0,
        "height": 0,
        "gtype": "gage",
        "title": "Sonde Temperature",
        "label": "°C",
        "format": "{{value}}",
        "min": 0,
        "max": "400",
        "colors": [
            "#00b500",
            "#e6e600",
            "#ca3838"
        ],
        "seg1": "",
        "seg2": "",
        "className": "",
        "x": 710,
        "y": 500,
        "wires": []
    },
    {
        "id": "7c718d7978365b00",
        "type": "ui_gauge",
        "z": "f6f2187d.f17ca8",
        "name": "",
        "group": "42fb5fbdeb9f852d",
        "order": 2,
        "width": 0,
        "height": 0,
        "gtype": "gage",
        "title": "Sonde Temperature",
        "label": "°C",
        "format": "{{value}}",
        "min": 0,
        "max": "400",
        "colors": [
            "#00b500",
            "#e6e600",
            "#ca3838"
        ],
        "seg1": "",
        "seg2": "",
        "className": "",
        "x": 970,
        "y": 500,
        "wires": []
    },
    {
        "id": "033e3a352305a11e",
        "type": "ui_gauge",
        "z": "f6f2187d.f17ca8",
        "name": "",
        "group": "fb3d72d40e01008a",
        "order": 2,
        "width": 0,
        "height": 0,
        "gtype": "gage",
        "title": "Sonde Temperature",
        "label": "°C",
        "format": "{{value}}",
        "min": 0,
        "max": "400",
        "colors": [
            "#00b500",
            "#e6e600",
            "#ca3838"
        ],
        "seg1": "",
        "seg2": "",
        "className": "",
        "x": 1230,
        "y": 500,
        "wires": []
    },
    {
        "id": "284a27014af829b4",
        "type": "ui_gauge",
        "z": "f6f2187d.f17ca8",
        "name": "",
        "group": "14dc49e23727cf2c",
        "order": 3,
        "width": 0,
        "height": 0,
        "gtype": "compass",
        "title": "Sonde Pression CO2",
        "label": "bar",
        "format": "{{value}}",
        "min": 0,
        "max": "100",
        "colors": [
            "#00b500",
            "#e6e600",
            "#ca3838"
        ],
        "seg1": "",
        "seg2": "",
        "className": "",
        "x": 440,
        "y": 540,
        "wires": []
    },
    {
        "id": "b37882b3f4984e89",
        "type": "ui_gauge",
        "z": "f6f2187d.f17ca8",
        "name": "",
        "group": "bf9250358d347a26",
        "order": 3,
        "width": 0,
        "height": 0,
        "gtype": "compass",
        "title": "Sonde Pression CO2",
        "label": "bar",
        "format": "{{value}}",
        "min": 0,
        "max": "100",
        "colors": [
            "#00b500",
            "#e6e600",
            "#ca3838"
        ],
        "seg1": "",
        "seg2": "",
        "className": "",
        "x": 180,
        "y": 540,
        "wires": []
    },
    {
        "id": "b87b890d37552593",
        "type": "ui_gauge",
        "z": "f6f2187d.f17ca8",
        "name": "",
        "group": "3a63e85d390a5e8a",
        "order": 3,
        "width": 0,
        "height": 0,
        "gtype": "compass",
        "title": "Sonde Pression CO2",
        "label": "bar",
        "format": "{{value}}",
        "min": 0,
        "max": "100",
        "colors": [
            "#00b500",
            "#e6e600",
            "#ca3838"
        ],
        "seg1": "",
        "seg2": "",
        "className": "",
        "x": 700,
        "y": 540,
        "wires": []
    },
    {
        "id": "6138e8ad56454c0e",
        "type": "ui_gauge",
        "z": "f6f2187d.f17ca8",
        "name": "",
        "group": "42fb5fbdeb9f852d",
        "order": 3,
        "width": 0,
        "height": 0,
        "gtype": "compass",
        "title": "Sonde Pression CO2",
        "label": "bar",
        "format": "{{value}}",
        "min": 0,
        "max": "100",
        "colors": [
            "#00b500",
            "#e6e600",
            "#ca3838"
        ],
        "seg1": "",
        "seg2": "",
        "className": "",
        "x": 960,
        "y": 540,
        "wires": []
    },
    {
        "id": "132469edc7158584",
        "type": "ui_gauge",
        "z": "f6f2187d.f17ca8",
        "name": "",
        "group": "fb3d72d40e01008a",
        "order": 3,
        "width": 0,
        "height": 0,
        "gtype": "compass",
        "title": "Sonde Pression CO2",
        "label": "bar",
        "format": "{{value}}",
        "min": 0,
        "max": "100",
        "colors": [
            "#00b500",
            "#e6e600",
            "#ca3838"
        ],
        "seg1": "",
        "seg2": "",
        "className": "",
        "x": 1220,
        "y": 540,
        "wires": []
    },
    {
        "id": "176193947e884c7a",
        "type": "ui_gauge",
        "z": "f6f2187d.f17ca8",
        "name": "",
        "group": "14dc49e23727cf2c",
        "order": 4,
        "width": 0,
        "height": 0,
        "gtype": "compass",
        "title": "Sonde Pression O2",
        "label": "bar",
        "format": "{{value}}",
        "min": 0,
        "max": 10,
        "colors": [
            "#00b500",
            "#e6e600",
            "#ca3838"
        ],
        "seg1": "",
        "seg2": "",
        "className": "",
        "x": 450,
        "y": 580,
        "wires": []
    },
    {
        "id": "b6079bc4634dd836",
        "type": "ui_gauge",
        "z": "f6f2187d.f17ca8",
        "name": "",
        "group": "bf9250358d347a26",
        "order": 4,
        "width": 0,
        "height": 0,
        "gtype": "compass",
        "title": "Sonde Pression O2",
        "label": "bar",
        "format": "{{value}}",
        "min": 0,
        "max": 10,
        "colors": [
            "#00b500",
            "#e6e600",
            "#ca3838"
        ],
        "seg1": "",
        "seg2": "",
        "className": "",
        "x": 190,
        "y": 580,
        "wires": []
    },
    {
        "id": "6e28bde35a0f7e2f",
        "type": "ui_gauge",
        "z": "f6f2187d.f17ca8",
        "name": "",
        "group": "3a63e85d390a5e8a",
        "order": 4,
        "width": 0,
        "height": 0,
        "gtype": "compass",
        "title": "Sonde Pression O2",
        "label": "bar",
        "format": "{{value}}",
        "min": 0,
        "max": 10,
        "colors": [
            "#00b500",
            "#e6e600",
            "#ca3838"
        ],
        "seg1": "",
        "seg2": "",
        "className": "",
        "x": 710,
        "y": 580,
        "wires": []
    },
    {
        "id": "b85bb2da240bdeb9",
        "type": "ui_gauge",
        "z": "f6f2187d.f17ca8",
        "name": "",
        "group": "42fb5fbdeb9f852d",
        "order": 4,
        "width": 0,
        "height": 0,
        "gtype": "compass",
        "title": "Sonde Pression O2",
        "label": "bar",
        "format": "{{value}}",
        "min": 0,
        "max": 10,
        "colors": [
            "#00b500",
            "#e6e600",
            "#ca3838"
        ],
        "seg1": "",
        "seg2": "",
        "className": "",
        "x": 970,
        "y": 580,
        "wires": []
    },
    {
        "id": "1c0fc7b45d55b3ff",
        "type": "ui_gauge",
        "z": "f6f2187d.f17ca8",
        "name": "",
        "group": "fb3d72d40e01008a",
        "order": 4,
        "width": 0,
        "height": 0,
        "gtype": "compass",
        "title": "Sonde Pression O2",
        "label": "bar",
        "format": "{{value}}",
        "min": 0,
        "max": 10,
        "colors": [
            "#00b500",
            "#e6e600",
            "#ca3838"
        ],
        "seg1": "",
        "seg2": "",
        "className": "",
        "x": 1230,
        "y": 580,
        "wires": []
    },
    {
        "id": "6bb8209516326a1c",
        "type": "ui_gauge",
        "z": "f6f2187d.f17ca8",
        "name": "",
        "group": "bf9250358d347a26",
        "order": 5,
        "width": 0,
        "height": 0,
        "gtype": "wave",
        "title": "Sonde Volume",
        "label": "L",
        "format": "{{value}}",
        "min": 0,
        "max": 10,
        "colors": [
            "#00b500",
            "#e6e600",
            "#ca3838"
        ],
        "seg1": "",
        "seg2": "",
        "className": "",
        "x": 200,
        "y": 620,
        "wires": []
    },
    {
        "id": "c38bccc986a11015",
        "type": "ui_gauge",
        "z": "f6f2187d.f17ca8",
        "name": "",
        "group": "14dc49e23727cf2c",
        "order": 5,
        "width": 0,
        "height": 0,
        "gtype": "wave",
        "title": "Sonde Volume",
        "label": "L",
        "format": "{{value}}",
        "min": 0,
        "max": 10,
        "colors": [
            "#00b500",
            "#e6e600",
            "#ca3838"
        ],
        "seg1": "",
        "seg2": "",
        "className": "",
        "x": 460,
        "y": 620,
        "wires": []
    },
    {
        "id": "e3607f015853c059",
        "type": "ui_gauge",
        "z": "f6f2187d.f17ca8",
        "name": "",
        "group": "3a63e85d390a5e8a",
        "order": 5,
        "width": 0,
        "height": 0,
        "gtype": "wave",
        "title": "Sonde Volume",
        "label": "L",
        "format": "{{value}}",
        "min": 0,
        "max": 10,
        "colors": [
            "#00b500",
            "#e6e600",
            "#ca3838"
        ],
        "seg1": "",
        "seg2": "",
        "className": "",
        "x": 720,
        "y": 620,
        "wires": []
    },
    {
        "id": "5a953340fc0d484d",
        "type": "ui_gauge",
        "z": "f6f2187d.f17ca8",
        "name": "",
        "group": "42fb5fbdeb9f852d",
        "order": 5,
        "width": 0,
        "height": 0,
        "gtype": "wave",
        "title": "Sonde Volume",
        "label": "L",
        "format": "{{value}}",
        "min": 0,
        "max": 10,
        "colors": [
            "#00b500",
            "#e6e600",
            "#ca3838"
        ],
        "seg1": "",
        "seg2": "",
        "className": "",
        "x": 980,
        "y": 620,
        "wires": []
    },
    {
        "id": "9d1b1580105d766b",
        "type": "ui_gauge",
        "z": "f6f2187d.f17ca8",
        "name": "",
        "group": "fb3d72d40e01008a",
        "order": 5,
        "width": 0,
        "height": 0,
        "gtype": "wave",
        "title": "Sonde Volume",
        "label": "L",
        "format": "{{value}}",
        "min": 0,
        "max": 10,
        "colors": [
            "#00b500",
            "#e6e600",
            "#ca3838"
        ],
        "seg1": "",
        "seg2": "",
        "className": "",
        "x": 1240,
        "y": 620,
        "wires": []
    },
    {
        "id": "2b131d8c94d559fb",
        "type": "ui_led",
        "z": "f6f2187d.f17ca8",
        "order": 1,
        "group": "bf9250358d347a26",
        "width": 0,
        "height": 0,
        "label": "",
        "labelPlacement": "left",
        "labelAlignment": "center",
        "colorForValue": [
            {
                "color": "#ff0000",
                "value": "false",
                "valueType": "bool"
            },
            {
                "color": "#008000",
                "value": "true",
                "valueType": "bool"
            }
        ],
        "allowColorForValueInMessage": false,
        "shape": "circle",
        "showGlow": true,
        "name": "Led L01",
        "x": 220,
        "y": 400,
        "wires": []
    },
    {
        "id": "b421c2d33759bc75",
        "type": "ui_led",
        "z": "f6f2187d.f17ca8",
        "order": 1,
        "group": "14dc49e23727cf2c",
        "width": 0,
        "height": 0,
        "label": "",
        "labelPlacement": "left",
        "labelAlignment": "center",
        "colorForValue": [
            {
                "color": "#ff0000",
                "value": "false",
                "valueType": "bool"
            },
            {
                "color": "#008000",
                "value": "true",
                "valueType": "bool"
            }
        ],
        "allowColorForValueInMessage": false,
        "shape": "circle",
        "showGlow": true,
        "name": "Led L02",
        "x": 480,
        "y": 400,
        "wires": []
    },
    {
        "id": "645dcb349b49a0fb",
        "type": "ui_led",
        "z": "f6f2187d.f17ca8",
        "order": 1,
        "group": "3a63e85d390a5e8a",
        "width": 0,
        "height": 0,
        "label": "",
        "labelPlacement": "left",
        "labelAlignment": "center",
        "colorForValue": [
            {
                "color": "#ff0000",
                "value": "false",
                "valueType": "bool"
            },
            {
                "color": "#008000",
                "value": "true",
                "valueType": "bool"
            }
        ],
        "allowColorForValueInMessage": false,
        "shape": "circle",
        "showGlow": true,
        "name": "Led L03",
        "x": 740,
        "y": 400,
        "wires": []
    },
    {
        "id": "57e9b5647f2edab0",
        "type": "ui_led",
        "z": "f6f2187d.f17ca8",
        "order": 1,
        "group": "42fb5fbdeb9f852d",
        "width": 0,
        "height": 0,
        "label": "",
        "labelPlacement": "left",
        "labelAlignment": "center",
        "colorForValue": [
            {
                "color": "#ff0000",
                "value": "false",
                "valueType": "bool"
            },
            {
                "color": "#008000",
                "value": "true",
                "valueType": "bool"
            }
        ],
        "allowColorForValueInMessage": false,
        "shape": "circle",
        "showGlow": true,
        "name": "Led L04",
        "x": 1000,
        "y": 400,
        "wires": []
    },
    {
        "id": "a3b26f25d0fd1e0f",
        "type": "ui_led",
        "z": "f6f2187d.f17ca8",
        "order": 1,
        "group": "fb3d72d40e01008a",
        "width": 0,
        "height": 0,
        "label": "",
        "labelPlacement": "left",
        "labelAlignment": "center",
        "colorForValue": [
            {
                "color": "#ff0000",
                "value": "false",
                "valueType": "bool"
            },
            {
                "color": "#008000",
                "value": "true",
                "valueType": "bool"
            }
        ],
        "allowColorForValueInMessage": false,
        "shape": "circle",
        "showGlow": true,
        "name": "Led L05",
        "x": 1260,
        "y": 400,
        "wires": []
    },
    {
        "id": "c2adce197539e68d",
        "type": "ui_button",
        "z": "f6f2187d.f17ca8",
        "name": "",
        "group": "3c692b974ea0568e",
        "order": 2,
        "width": 0,
        "height": 0,
        "passthru": false,
        "label": "Restart Cuve-01",
        "tooltip": "",
        "color": "",
        "bgcolor": "",
        "className": "",
        "icon": "replay",
        "payload": "indus-admin",
        "payloadType": "str",
        "topic": "topic",
        "topicType": "msg",
        "x": 200,
        "y": 780,
        "wires": [
            [
                "e66ae93c7b31e876"
            ]
        ]
    },
    {
        "id": "bb82c5f1bd3d6bf3",
        "type": "ui_button",
        "z": "f6f2187d.f17ca8",
        "name": "",
        "group": "7ec7e813549bc846",
        "order": 2,
        "width": 0,
        "height": 0,
        "passthru": false,
        "label": "Restart Cuve-02",
        "tooltip": "",
        "color": "",
        "bgcolor": "",
        "className": "",
        "icon": "replay",
        "payload": "indus-admin",
        "payloadType": "str",
        "topic": "topic",
        "topicType": "msg",
        "x": 200,
        "y": 900,
        "wires": [
            [
                "4556e1ed26cb97d0"
            ]
        ]
    },
    {
        "id": "6c972435061096e4",
        "type": "ui_button",
        "z": "f6f2187d.f17ca8",
        "name": "",
        "group": "82efa7a6c7ec4155",
        "order": 2,
        "width": 0,
        "height": 0,
        "passthru": false,
        "label": "Restart Cuve-03",
        "tooltip": "",
        "color": "",
        "bgcolor": "",
        "className": "",
        "icon": "replay",
        "payload": "indus-admin",
        "payloadType": "str",
        "topic": "topic",
        "topicType": "msg",
        "x": 200,
        "y": 1020,
        "wires": [
            [
                "7a5cb24bd02cd588"
            ]
        ]
    },
    {
        "id": "c81a7fa14f60cd46",
        "type": "ui_button",
        "z": "f6f2187d.f17ca8",
        "name": "",
        "group": "f806e77ed84b0abc",
        "order": 2,
        "width": 0,
        "height": 0,
        "passthru": false,
        "label": "Restart Cuve-04",
        "tooltip": "",
        "color": "",
        "bgcolor": "",
        "className": "",
        "icon": "replay",
        "payload": "indus-admin",
        "payloadType": "str",
        "topic": "topic",
        "topicType": "msg",
        "x": 200,
        "y": 1140,
        "wires": [
            [
                "3657aada36d231ae"
            ]
        ]
    },
    {
        "id": "44563d0e88978ac0",
        "type": "ui_button",
        "z": "f6f2187d.f17ca8",
        "name": "",
        "group": "e1f821ede2a7de2f",
        "order": 2,
        "width": 0,
        "height": 0,
        "passthru": false,
        "label": "Restart Cuve-05",
        "tooltip": "",
        "color": "",
        "bgcolor": "",
        "className": "",
        "icon": "replay",
        "payload": "indus-admin",
        "payloadType": "str",
        "topic": "topic",
        "topicType": "msg",
        "x": 200,
        "y": 1260,
        "wires": [
            [
                "948752c67ee56afa"
            ]
        ]
    },
    {
        "id": "f8eb3a683f8f0376",
        "type": "ui_led",
        "z": "f6f2187d.f17ca8",
        "order": 1,
        "group": "3c692b974ea0568e",
        "width": 0,
        "height": 0,
        "label": "",
        "labelPlacement": "left",
        "labelAlignment": "center",
        "colorForValue": [
            {
                "color": "#ff0000",
                "value": "false",
                "valueType": "bool"
            },
            {
                "color": "#008000",
                "value": "true",
                "valueType": "bool"
            }
        ],
        "allowColorForValueInMessage": false,
        "shape": "circle",
        "showGlow": true,
        "name": "Led L01",
        "x": 220,
        "y": 440,
        "wires": []
    },
    {
        "id": "4ddef3d2d0cdfe91",
        "type": "ui_led",
        "z": "f6f2187d.f17ca8",
        "order": 1,
        "group": "7ec7e813549bc846",
        "width": 0,
        "height": 0,
        "label": "",
        "labelPlacement": "left",
        "labelAlignment": "center",
        "colorForValue": [
            {
                "color": "#ff0000",
                "value": "false",
                "valueType": "bool"
            },
            {
                "color": "#008000",
                "value": "true",
                "valueType": "bool"
            }
        ],
        "allowColorForValueInMessage": false,
        "shape": "circle",
        "showGlow": true,
        "name": "Led L02",
        "x": 480,
        "y": 440,
        "wires": []
    },
    {
        "id": "f805187f6ad5a7b1",
        "type": "ui_led",
        "z": "f6f2187d.f17ca8",
        "order": 1,
        "group": "82efa7a6c7ec4155",
        "width": 0,
        "height": 0,
        "label": "",
        "labelPlacement": "left",
        "labelAlignment": "center",
        "colorForValue": [
            {
                "color": "#ff0000",
                "value": "false",
                "valueType": "bool"
            },
            {
                "color": "#008000",
                "value": "true",
                "valueType": "bool"
            }
        ],
        "allowColorForValueInMessage": false,
        "shape": "circle",
        "showGlow": true,
        "name": "Led L03",
        "x": 740,
        "y": 440,
        "wires": []
    },
    {
        "id": "50e6698505d72a3e",
        "type": "ui_led",
        "z": "f6f2187d.f17ca8",
        "order": 1,
        "group": "f806e77ed84b0abc",
        "width": 0,
        "height": 0,
        "label": "",
        "labelPlacement": "left",
        "labelAlignment": "center",
        "colorForValue": [
            {
                "color": "#ff0000",
                "value": "false",
                "valueType": "bool"
            },
            {
                "color": "#008000",
                "value": "true",
                "valueType": "bool"
            }
        ],
        "allowColorForValueInMessage": false,
        "shape": "circle",
        "showGlow": true,
        "name": "Led L04",
        "x": 1000,
        "y": 440,
        "wires": []
    },
    {
        "id": "63f94c0264f1f0df",
        "type": "ui_led",
        "z": "f6f2187d.f17ca8",
        "order": 1,
        "group": "e1f821ede2a7de2f",
        "width": 0,
        "height": 0,
        "label": "",
        "labelPlacement": "left",
        "labelAlignment": "center",
        "colorForValue": [
            {
                "color": "#ff0000",
                "value": "false",
                "valueType": "bool"
            },
            {
                "color": "#008000",
                "value": "true",
                "valueType": "bool"
            }
        ],
        "allowColorForValueInMessage": false,
        "shape": "circle",
        "showGlow": true,
        "name": "Led L05",
        "x": 1260,
        "y": 440,
        "wires": []
    },
    {
        "id": "abbd40479d7c8ec4",
        "type": "mqtt in",
        "z": "f6f2187d.f17ca8",
        "name": "",
        "topic": "sensors",
        "qos": "2",
        "datatype": "json",
        "broker": "4960d68473603c84",
        "nl": false,
        "rap": true,
        "rh": 0,
        "inputs": 0,
        "x": 470,
        "y": 60,
        "wires": [
            [
                "6ed8a49fcbb104a2",
                "db16a98223667db8"
            ]
        ]
    },
    {
        "id": "6ed8a49fcbb104a2",
        "type": "switch",
        "z": "f6f2187d.f17ca8",
        "name": "",
        "property": "payload.id",
        "propertyType": "msg",
        "rules": [
            {
                "t": "cont",
                "v": "cuve-01",
                "vt": "str"
            },
            {
                "t": "cont",
                "v": "cuve-02",
                "vt": "str"
            },
            {
                "t": "cont",
                "v": "cuve-03",
                "vt": "str"
            },
            {
                "t": "cont",
                "v": "cuve-04",
                "vt": "str"
            },
            {
                "t": "cont",
                "v": "cuve-05",
                "vt": "str"
            }
        ],
        "checkall": "true",
        "repair": false,
        "outputs": 5,
        "x": 630,
        "y": 60,
        "wires": [
            [
                "78215708e9f739f1"
            ],
            [
                "208c6cfade8ec9bb"
            ],
            [
                "3bdb4837fcf6467e"
            ],
            [
                "ea2f96d737fc6379"
            ],
            [
                "432897865a29a141"
            ]
        ]
    },
    {
        "id": "8277fc11f8a39922",
        "type": "link in",
        "z": "f6f2187d.f17ca8",
        "name": "Valeurs 01",
        "links": [
            "78215708e9f739f1"
        ],
        "x": 115,
        "y": 320,
        "wires": [
            [
                "cc542653cc8f522f"
            ]
        ]
    },
    {
        "id": "78215708e9f739f1",
        "type": "link out",
        "z": "f6f2187d.f17ca8",
        "name": "Valeurs 01",
        "mode": "link",
        "links": [
            "8277fc11f8a39922"
        ],
        "x": 755,
        "y": 20,
        "wires": []
    },
    {
        "id": "208c6cfade8ec9bb",
        "type": "link out",
        "z": "f6f2187d.f17ca8",
        "name": "Valeurs 02",
        "mode": "link",
        "links": [
            "3107c1727641d67d"
        ],
        "x": 755,
        "y": 40,
        "wires": []
    },
    {
        "id": "3bdb4837fcf6467e",
        "type": "link out",
        "z": "f6f2187d.f17ca8",
        "name": "Valeurs 03",
        "mode": "link",
        "links": [
            "25b86c04f85715af"
        ],
        "x": 755,
        "y": 60,
        "wires": []
    },
    {
        "id": "ea2f96d737fc6379",
        "type": "link out",
        "z": "f6f2187d.f17ca8",
        "name": "Valeurs 04",
        "mode": "link",
        "links": [
            "c46ddff2e40bf4a2"
        ],
        "x": 755,
        "y": 80,
        "wires": []
    },
    {
        "id": "432897865a29a141",
        "type": "link out",
        "z": "f6f2187d.f17ca8",
        "name": "Valeurs 05",
        "mode": "link",
        "links": [
            "48a3169c63b8aef5"
        ],
        "x": 755,
        "y": 100,
        "wires": []
    },
    {
        "id": "3107c1727641d67d",
        "type": "link in",
        "z": "f6f2187d.f17ca8",
        "name": "Valeurs 02",
        "links": [
            "208c6cfade8ec9bb"
        ],
        "x": 375,
        "y": 320,
        "wires": [
            [
                "ec28fa3cc066fc6e"
            ]
        ]
    },
    {
        "id": "25b86c04f85715af",
        "type": "link in",
        "z": "f6f2187d.f17ca8",
        "name": "Valeurs 03",
        "links": [
            "3bdb4837fcf6467e"
        ],
        "x": 635,
        "y": 320,
        "wires": [
            [
                "82b1b7a6c117fc26"
            ]
        ]
    },
    {
        "id": "c46ddff2e40bf4a2",
        "type": "link in",
        "z": "f6f2187d.f17ca8",
        "name": "Valeurs 04",
        "links": [
            "ea2f96d737fc6379"
        ],
        "x": 895,
        "y": 320,
        "wires": [
            [
                "e8270b05712e2841"
            ]
        ]
    },
    {
        "id": "48a3169c63b8aef5",
        "type": "link in",
        "z": "f6f2187d.f17ca8",
        "name": "Valeurs 05",
        "links": [
            "432897865a29a141"
        ],
        "x": 1155,
        "y": 320,
        "wires": [
            [
                "989de017f4fc4b3e"
            ]
        ]
    },
    {
        "id": "ec28fa3cc066fc6e",
        "type": "function",
        "z": "f6f2187d.f17ca8",
        "name": "values",
        "func": "var msg1;\nvar msg2;\nvar msg3;\nvar msg4;\nvar msg5;\n\nif (msg.payload.id === \"cuve-02-temperature\")\n{\n    msg1 = {payload: msg.payload.value};\n}\n\nif (msg.payload.id === \"cuve-02-pression-co2\")\n{\n    msg2 = {payload: msg.payload.value};\n}\n\nif (msg.payload.id === \"cuve-02-pression-o2\")\n{\n    msg3 = {payload: msg.payload.value};\n}\n\nif (msg.payload.id === \"cuve-02-volume\")\n{\n    msg4 = {payload: msg.payload.value};\n}\n\nif (msg.payload.value == 0)\n{\n    msg5 = {payload: false};\n} else {\n    msg5 = {payload: true};\n}\n\nreturn [ msg1, msg2, msg3, msg4, msg5 ];",
        "outputs": 5,
        "noerr": 0,
        "initialize": "",
        "finalize": "",
        "libs": [],
        "x": 470,
        "y": 320,
        "wires": [
            [
                "6dca4ebe0e0e35b8"
            ],
            [
                "284a27014af829b4"
            ],
            [
                "176193947e884c7a"
            ],
            [
                "c38bccc986a11015"
            ],
            [
                "b421c2d33759bc75",
                "4ddef3d2d0cdfe91"
            ]
        ]
    },
    {
        "id": "82b1b7a6c117fc26",
        "type": "function",
        "z": "f6f2187d.f17ca8",
        "name": "values",
        "func": "var msg1;\nvar msg2;\nvar msg3;\nvar msg4;\nvar msg5;\n\nif (msg.payload.id === \"cuve-03-temperature\")\n{\n    msg1 = {payload: msg.payload.value};\n}\n\nif (msg.payload.id === \"cuve-03-pression-co2\")\n{\n    msg2 = {payload: msg.payload.value};\n}\n\nif (msg.payload.id === \"cuve-03-pression-o2\")\n{\n    msg3 = {payload: msg.payload.value};\n}\n\nif (msg.payload.id === \"cuve-03-volume\")\n{\n    msg4 = {payload: msg.payload.value};\n}\n\nif (msg.payload.value == 0)\n{\n    msg5 = {payload: false};\n} else {\n    msg5 = {payload: true};\n}\n\nreturn [ msg1, msg2, msg3, msg4, msg5 ];",
        "outputs": 5,
        "noerr": 0,
        "initialize": "",
        "finalize": "",
        "libs": [],
        "x": 730,
        "y": 320,
        "wires": [
            [
                "6d43ca15fe37a9b5"
            ],
            [
                "b87b890d37552593"
            ],
            [
                "6e28bde35a0f7e2f"
            ],
            [
                "e3607f015853c059"
            ],
            [
                "645dcb349b49a0fb",
                "f805187f6ad5a7b1"
            ]
        ]
    },
    {
        "id": "e8270b05712e2841",
        "type": "function",
        "z": "f6f2187d.f17ca8",
        "name": "values",
        "func": "var msg1;\nvar msg2;\nvar msg3;\nvar msg4;\nvar msg5;\n\nif (msg.payload.id === \"cuve-04-temperature\")\n{\n    msg1 = {payload: msg.payload.value};\n}\n\nif (msg.payload.id === \"cuve-04-pression-co2\")\n{\n    msg2 = {payload: msg.payload.value};\n}\n\nif (msg.payload.id === \"cuve-04-pression-o2\")\n{\n    msg3 = {payload: msg.payload.value};\n}\n\nif (msg.payload.id === \"cuve-04-volume\")\n{\n    msg4 = {payload: msg.payload.value};\n}\n\nif (msg.payload.value == 0)\n{\n    msg5 = {payload: false};\n} else {\n    msg5 = {payload: true};\n}\n\nreturn [ msg1, msg2, msg3, msg4, msg5 ];",
        "outputs": 5,
        "noerr": 0,
        "initialize": "",
        "finalize": "",
        "libs": [],
        "x": 990,
        "y": 320,
        "wires": [
            [
                "7c718d7978365b00"
            ],
            [
                "6138e8ad56454c0e"
            ],
            [
                "b85bb2da240bdeb9"
            ],
            [
                "5a953340fc0d484d"
            ],
            [
                "57e9b5647f2edab0",
                "50e6698505d72a3e"
            ]
        ]
    },
    {
        "id": "989de017f4fc4b3e",
        "type": "function",
        "z": "f6f2187d.f17ca8",
        "name": "values",
        "func": "var msg1;\nvar msg2;\nvar msg3;\nvar msg4;\nvar msg5;\n\nif (msg.payload.id === \"cuve-05-temperature\")\n{\n    msg1 = {payload: msg.payload.value};\n}\n\nif (msg.payload.id === \"cuve-05-pression-co2\")\n{\n    msg2 = {payload: msg.payload.value};\n}\n\nif (msg.payload.id === \"cuve-05-pression-o2\")\n{\n    msg3 = {payload: msg.payload.value};\n}\n\nif (msg.payload.id === \"cuve-05-volume\")\n{\n    msg4 = {payload: msg.payload.value};\n}\n\nif (msg.payload.value == 0)\n{\n    msg5 = {payload: false};\n} else {\n    msg5 = {payload: true};\n}\n\nreturn [ msg1, msg2, msg3, msg4, msg5 ];",
        "outputs": 5,
        "noerr": 0,
        "initialize": "",
        "finalize": "",
        "libs": [],
        "x": 1250,
        "y": 320,
        "wires": [
            [
                "033e3a352305a11e"
            ],
            [
                "132469edc7158584"
            ],
            [
                "1c0fc7b45d55b3ff"
            ],
            [
                "9d1b1580105d766b"
            ],
            [
                "a3b26f25d0fd1e0f",
                "63f94c0264f1f0df"
            ]
        ]
    },
    {
        "id": "db16a98223667db8",
        "type": "debug",
        "z": "f6f2187d.f17ca8",
        "d": true,
        "name": "",
        "active": true,
        "tosidebar": true,
        "console": false,
        "tostatus": false,
        "complete": "payload",
        "targetType": "msg",
        "statusVal": "",
        "statusType": "auto",
        "x": 910,
        "y": 60,
        "wires": []
    },
    {
        "id": "cc542653cc8f522f",
        "type": "function",
        "z": "f6f2187d.f17ca8",
        "name": "values",
        "func": "var msg1;\nvar msg2;\nvar msg3;\nvar msg4;\nvar msg5;\n\nif (msg.payload.id === \"cuve-01-temperature\")\n{\n    msg1 = {payload: msg.payload.value};\n}\n\nif (msg.payload.id === \"cuve-01-pression-co2\")\n{\n    msg2 = {payload: msg.payload.value};\n}\n\nif (msg.payload.id === \"cuve-01-pression-o2\")\n{\n    msg3 = {payload: msg.payload.value};\n}\n\nif (msg.payload.id === \"cuve-01-volume\")\n{\n    msg4 = {payload: msg.payload.value};\n}\n\nif (msg.payload.value == 0)\n{\n    msg5 = {payload: false};\n} else {\n    msg5 = {payload: true};\n}\n\nreturn [ msg1, msg2, msg3, msg4, msg5 ];",
        "outputs": 5,
        "noerr": 0,
        "initialize": "",
        "finalize": "",
        "libs": [],
        "x": 210,
        "y": 320,
        "wires": [
            [
                "1ea70cd58eb53ead"
            ],
            [
                "b37882b3f4984e89"
            ],
            [
                "b6079bc4634dd836"
            ],
            [
                "6bb8209516326a1c"
            ],
            [
                "2b131d8c94d559fb",
                "f8eb3a683f8f0376"
            ]
        ]
    },
    {
        "id": "4103cf6c0b161aa7",
        "type": "comment",
        "z": "f6f2187d.f17ca8",
        "name": "",
        "info": "si 0 = red",
        "x": 200,
        "y": 200,
        "wires": []
    },
    {
        "id": "0c81294015339b15",
        "type": "ui_text",
        "z": "f6f2187d.f17ca8",
        "group": "3c692b974ea0568e",
        "order": 4,
        "width": "6",
        "height": "2",
        "name": "Retour Cuve-01",
        "label": "",
        "format": "{{msg.payload.col2}}",
        "layout": "col-center",
        "className": "",
        "x": 1900,
        "y": 760,
        "wires": []
    },
    {
        "id": "1ae308b597150358",
        "type": "ui_text",
        "z": "f6f2187d.f17ca8",
        "group": "7ec7e813549bc846",
        "order": 4,
        "width": "6",
        "height": "2",
        "name": "Retour Cuve-02",
        "label": "",
        "format": "{{msg.payload.col2}}",
        "layout": "col-center",
        "className": "",
        "x": 1900,
        "y": 880,
        "wires": []
    },
    {
        "id": "102e0925f7080ff7",
        "type": "ui_text",
        "z": "f6f2187d.f17ca8",
        "group": "82efa7a6c7ec4155",
        "order": 4,
        "width": "6",
        "height": "2",
        "name": "Retour Cuve-03",
        "label": "",
        "format": "{{msg.payload.col2}}",
        "layout": "col-center",
        "className": "",
        "x": 1900,
        "y": 1000,
        "wires": []
    },
    {
        "id": "f6f133bf5e60ddfe",
        "type": "ui_text",
        "z": "f6f2187d.f17ca8",
        "group": "f806e77ed84b0abc",
        "order": 4,
        "width": "6",
        "height": "2",
        "name": "Retour Cuve-04",
        "label": "",
        "format": "{{msg.payload.col2}}",
        "layout": "col-center",
        "className": "",
        "x": 1900,
        "y": 1120,
        "wires": []
    },
    {
        "id": "f4fee75f7295d9d9",
        "type": "ui_text",
        "z": "f6f2187d.f17ca8",
        "group": "e1f821ede2a7de2f",
        "order": 4,
        "width": "6",
        "height": "2",
        "name": "Retour cuve-05",
        "label": "",
        "format": "{{msg.payload.col2}}",
        "layout": "col-center",
        "className": "",
        "x": 1900,
        "y": 1240,
        "wires": []
    },
    {
        "id": "e66ae93c7b31e876",
        "type": "ui_toast",
        "z": "f6f2187d.f17ca8",
        "position": "prompt",
        "displayTime": "3",
        "highlight": "",
        "sendall": false,
        "outputs": 1,
        "ok": "OK",
        "cancel": "Cancel",
        "raw": false,
        "className": "",
        "topic": "",
        "name": "show auth",
        "x": 410,
        "y": 780,
        "wires": [
            [
                "4fd72cd8aa7fa687"
            ]
        ]
    },
    {
        "id": "4fd72cd8aa7fa687",
        "type": "function",
        "z": "f6f2187d.f17ca8",
        "name": "auth",
        "func": "if (msg.payload === 'systemofadown')\n{\n    msg.payload = \"Authentification réussite.\"\n    return [msg, null];\n} else {\n    msg.payload = \"Echec de l'authentification.\"\n    return [null, msg];\n}\n",
        "outputs": 2,
        "noerr": 0,
        "initialize": "",
        "finalize": "",
        "libs": [],
        "x": 590,
        "y": 780,
        "wires": [
            [
                "c28afb74b13303ab",
                "7da46e3a210bfd78"
            ],
            [
                "c28afb74b13303ab",
                "7b23009fce255e37"
            ]
        ]
    },
    {
        "id": "c28afb74b13303ab",
        "type": "ui_toast",
        "z": "f6f2187d.f17ca8",
        "position": "bottom right",
        "displayTime": "5",
        "highlight": "",
        "sendall": false,
        "outputs": 0,
        "ok": "OK",
        "cancel": "Cancel",
        "raw": false,
        "className": "",
        "topic": "",
        "name": "",
        "x": 780,
        "y": 820,
        "wires": []
    },
    {
        "id": "7da46e3a210bfd78",
        "type": "change",
        "z": "f6f2187d.f17ca8",
        "name": "set",
        "rules": [
            {
                "t": "set",
                "p": "payload",
                "pt": "msg",
                "to": "sh /mqttgen/restart.sh",
                "tot": "str"
            }
        ],
        "action": "",
        "property": "",
        "from": "",
        "to": "",
        "reg": false,
        "x": 750,
        "y": 760,
        "wires": [
            [
                "31a6b73c5e85da57"
            ]
        ]
    },
    {
        "id": "31a6b73c5e85da57",
        "type": "mqtt out",
        "z": "f6f2187d.f17ca8",
        "name": "controls",
        "topic": "controls/cuve-01",
        "qos": "",
        "retain": "",
        "respTopic": "",
        "contentType": "",
        "userProps": "",
        "correl": "",
        "expiry": "",
        "broker": "4960d68473603c84",
        "x": 920,
        "y": 760,
        "wires": []
    },
    {
        "id": "d5993cab0e9d866c",
        "type": "mqtt in",
        "z": "f6f2187d.f17ca8",
        "name": "controls",
        "topic": "controls/cuve-01",
        "qos": "2",
        "datatype": "utf8",
        "broker": "4960d68473603c84",
        "nl": false,
        "rap": true,
        "rh": 0,
        "inputs": 0,
        "x": 1050,
        "y": 760,
        "wires": [
            [
                "75d3d27ba3df49ee"
            ]
        ]
    },
    {
        "id": "75d3d27ba3df49ee",
        "type": "switch",
        "z": "f6f2187d.f17ca8",
        "name": "",
        "property": "payload",
        "propertyType": "msg",
        "rules": [
            {
                "t": "nempty"
            }
        ],
        "checkall": "true",
        "repair": false,
        "outputs": 1,
        "x": 1210,
        "y": 760,
        "wires": [
            [
                "62b7becd22c4ce50"
            ]
        ]
    },
    {
        "id": "3a173e26fea2969a",
        "type": "delay",
        "z": "f6f2187d.f17ca8",
        "name": "",
        "pauseType": "delay",
        "timeout": "15",
        "timeoutUnits": "seconds",
        "rate": "1",
        "nbRateUnits": "1",
        "rateUnits": "second",
        "randomFirst": "1",
        "randomLast": "5",
        "randomUnits": "seconds",
        "drop": false,
        "allowrate": false,
        "outputs": 1,
        "x": 1540,
        "y": 780,
        "wires": [
            [
                "7b23009fce255e37"
            ]
        ]
    },
    {
        "id": "7b23009fce255e37",
        "type": "change",
        "z": "f6f2187d.f17ca8",
        "name": "delete",
        "rules": [
            {
                "t": "set",
                "p": "payload",
                "pt": "msg",
                "to": "",
                "tot": "str"
            }
        ],
        "action": "",
        "property": "",
        "from": "",
        "to": "",
        "reg": false,
        "x": 1710,
        "y": 780,
        "wires": [
            [
                "0c81294015339b15"
            ]
        ]
    },
    {
        "id": "4556e1ed26cb97d0",
        "type": "ui_toast",
        "z": "f6f2187d.f17ca8",
        "position": "prompt",
        "displayTime": "3",
        "highlight": "",
        "sendall": false,
        "outputs": 1,
        "ok": "OK",
        "cancel": "Cancel",
        "raw": false,
        "className": "",
        "topic": "",
        "name": "show auth",
        "x": 410,
        "y": 900,
        "wires": [
            [
                "51f4e4aef36a4e9a"
            ]
        ]
    },
    {
        "id": "51f4e4aef36a4e9a",
        "type": "function",
        "z": "f6f2187d.f17ca8",
        "name": "auth",
        "func": "if (msg.payload === 'systemofadown')\n{\n    msg.payload = \"Authentification réussite.\"\n    return [msg, null];\n} else {\n    msg.payload = \"Echec de l'authentification.\"\n    return [null, msg];\n}\n",
        "outputs": 2,
        "noerr": 0,
        "initialize": "",
        "finalize": "",
        "libs": [],
        "x": 590,
        "y": 900,
        "wires": [
            [
                "b57c2d27d21e0c3e",
                "08708f4a1731264b"
            ],
            [
                "b57c2d27d21e0c3e",
                "d108d57ad3cf86fa"
            ]
        ]
    },
    {
        "id": "b57c2d27d21e0c3e",
        "type": "ui_toast",
        "z": "f6f2187d.f17ca8",
        "position": "bottom right",
        "displayTime": "5",
        "highlight": "",
        "sendall": false,
        "outputs": 0,
        "ok": "OK",
        "cancel": "Cancel",
        "raw": false,
        "className": "",
        "topic": "",
        "name": "",
        "x": 780,
        "y": 940,
        "wires": []
    },
    {
        "id": "08708f4a1731264b",
        "type": "change",
        "z": "f6f2187d.f17ca8",
        "name": "set",
        "rules": [
            {
                "t": "set",
                "p": "payload",
                "pt": "msg",
                "to": "sh /mqttgen/restart.sh",
                "tot": "str"
            }
        ],
        "action": "",
        "property": "",
        "from": "",
        "to": "",
        "reg": false,
        "x": 750,
        "y": 880,
        "wires": [
            [
                "20934077dd8a45fd"
            ]
        ]
    },
    {
        "id": "20934077dd8a45fd",
        "type": "mqtt out",
        "z": "f6f2187d.f17ca8",
        "name": "controls",
        "topic": "controls/cuve-02",
        "qos": "",
        "retain": "",
        "respTopic": "",
        "contentType": "",
        "userProps": "",
        "correl": "",
        "expiry": "",
        "broker": "4960d68473603c84",
        "x": 920,
        "y": 880,
        "wires": []
    },
    {
        "id": "a78295a9c47cc434",
        "type": "mqtt in",
        "z": "f6f2187d.f17ca8",
        "name": "controls",
        "topic": "controls/cuve-02",
        "qos": "2",
        "datatype": "utf8",
        "broker": "4960d68473603c84",
        "nl": false,
        "rap": true,
        "rh": 0,
        "inputs": 0,
        "x": 1050,
        "y": 880,
        "wires": [
            [
                "186054bfd8238b01"
            ]
        ]
    },
    {
        "id": "186054bfd8238b01",
        "type": "switch",
        "z": "f6f2187d.f17ca8",
        "name": "",
        "property": "payload",
        "propertyType": "msg",
        "rules": [
            {
                "t": "nempty"
            }
        ],
        "checkall": "true",
        "repair": false,
        "outputs": 1,
        "x": 1210,
        "y": 880,
        "wires": [
            [
                "3f66ca74ddee962f"
            ]
        ]
    },
    {
        "id": "ec9c7ab9269e5813",
        "type": "delay",
        "z": "f6f2187d.f17ca8",
        "name": "",
        "pauseType": "delay",
        "timeout": "15",
        "timeoutUnits": "seconds",
        "rate": "1",
        "nbRateUnits": "1",
        "rateUnits": "second",
        "randomFirst": "1",
        "randomLast": "5",
        "randomUnits": "seconds",
        "drop": false,
        "allowrate": false,
        "outputs": 1,
        "x": 1540,
        "y": 900,
        "wires": [
            [
                "d108d57ad3cf86fa"
            ]
        ]
    },
    {
        "id": "d108d57ad3cf86fa",
        "type": "change",
        "z": "f6f2187d.f17ca8",
        "name": "delete",
        "rules": [
            {
                "t": "set",
                "p": "payload",
                "pt": "msg",
                "to": "",
                "tot": "str"
            }
        ],
        "action": "",
        "property": "",
        "from": "",
        "to": "",
        "reg": false,
        "x": 1710,
        "y": 900,
        "wires": [
            [
                "1ae308b597150358"
            ]
        ]
    },
    {
        "id": "7a5cb24bd02cd588",
        "type": "ui_toast",
        "z": "f6f2187d.f17ca8",
        "position": "prompt",
        "displayTime": "3",
        "highlight": "",
        "sendall": false,
        "outputs": 1,
        "ok": "OK",
        "cancel": "Cancel",
        "raw": false,
        "className": "",
        "topic": "",
        "name": "show auth",
        "x": 410,
        "y": 1020,
        "wires": [
            [
                "edaf8570a7a778a2"
            ]
        ]
    },
    {
        "id": "edaf8570a7a778a2",
        "type": "function",
        "z": "f6f2187d.f17ca8",
        "name": "auth",
        "func": "if (msg.payload === 'systemofadown')\n{\n    msg.payload = \"Authentification réussite.\"\n    return [msg, null];\n} else {\n    msg.payload = \"Echec de l'authentification.\"\n    return [null, msg];\n}\n",
        "outputs": 2,
        "noerr": 0,
        "initialize": "",
        "finalize": "",
        "libs": [],
        "x": 590,
        "y": 1020,
        "wires": [
            [
                "2ad1a1bae41fa6e7",
                "351914d081fabbe9"
            ],
            [
                "2ad1a1bae41fa6e7",
                "bb60f959f1ef71e9"
            ]
        ]
    },
    {
        "id": "2ad1a1bae41fa6e7",
        "type": "ui_toast",
        "z": "f6f2187d.f17ca8",
        "position": "bottom right",
        "displayTime": "5",
        "highlight": "",
        "sendall": false,
        "outputs": 0,
        "ok": "OK",
        "cancel": "Cancel",
        "raw": false,
        "className": "",
        "topic": "",
        "name": "",
        "x": 780,
        "y": 1060,
        "wires": []
    },
    {
        "id": "351914d081fabbe9",
        "type": "change",
        "z": "f6f2187d.f17ca8",
        "name": "set",
        "rules": [
            {
                "t": "set",
                "p": "payload",
                "pt": "msg",
                "to": "sh /mqttgen/restart.sh",
                "tot": "str"
            }
        ],
        "action": "",
        "property": "",
        "from": "",
        "to": "",
        "reg": false,
        "x": 750,
        "y": 1000,
        "wires": [
            [
                "a008cf8bd0c4b7ae"
            ]
        ]
    },
    {
        "id": "a008cf8bd0c4b7ae",
        "type": "mqtt out",
        "z": "f6f2187d.f17ca8",
        "name": "controls",
        "topic": "controls/cuve-03",
        "qos": "",
        "retain": "",
        "respTopic": "",
        "contentType": "",
        "userProps": "",
        "correl": "",
        "expiry": "",
        "broker": "4960d68473603c84",
        "x": 920,
        "y": 1000,
        "wires": []
    },
    {
        "id": "24064accfee8a2e1",
        "type": "mqtt in",
        "z": "f6f2187d.f17ca8",
        "name": "controls",
        "topic": "controls/cuve-03",
        "qos": "2",
        "datatype": "utf8",
        "broker": "4960d68473603c84",
        "nl": false,
        "rap": true,
        "rh": 0,
        "inputs": 0,
        "x": 1050,
        "y": 1000,
        "wires": [
            [
                "d0321076769458e5"
            ]
        ]
    },
    {
        "id": "d0321076769458e5",
        "type": "switch",
        "z": "f6f2187d.f17ca8",
        "name": "",
        "property": "payload",
        "propertyType": "msg",
        "rules": [
            {
                "t": "nempty"
            }
        ],
        "checkall": "true",
        "repair": false,
        "outputs": 1,
        "x": 1210,
        "y": 1000,
        "wires": [
            [
                "e5115fc291cbb338"
            ]
        ]
    },
    {
        "id": "bb60f959f1ef71e9",
        "type": "change",
        "z": "f6f2187d.f17ca8",
        "name": "delete",
        "rules": [
            {
                "t": "set",
                "p": "payload",
                "pt": "msg",
                "to": "",
                "tot": "str"
            }
        ],
        "action": "",
        "property": "",
        "from": "",
        "to": "",
        "reg": false,
        "x": 1710,
        "y": 1020,
        "wires": [
            [
                "102e0925f7080ff7"
            ]
        ]
    },
    {
        "id": "3657aada36d231ae",
        "type": "ui_toast",
        "z": "f6f2187d.f17ca8",
        "position": "prompt",
        "displayTime": "3",
        "highlight": "",
        "sendall": false,
        "outputs": 1,
        "ok": "OK",
        "cancel": "Cancel",
        "raw": false,
        "className": "",
        "topic": "",
        "name": "show auth",
        "x": 410,
        "y": 1140,
        "wires": [
            [
                "67207e0c8b065031"
            ]
        ]
    },
    {
        "id": "67207e0c8b065031",
        "type": "function",
        "z": "f6f2187d.f17ca8",
        "name": "auth",
        "func": "if (msg.payload === 'systemofadown')\n{\n    msg.payload = \"Authentification réussite.\"\n    return [msg, null];\n} else {\n    msg.payload = \"Echec de l'authentification.\"\n    return [null, msg];\n}\n",
        "outputs": 2,
        "noerr": 0,
        "initialize": "",
        "finalize": "",
        "libs": [],
        "x": 590,
        "y": 1140,
        "wires": [
            [
                "685c58262b1ee1de",
                "56bc0ef4e07366de"
            ],
            [
                "685c58262b1ee1de",
                "3151f1f2ebe6830b"
            ]
        ]
    },
    {
        "id": "685c58262b1ee1de",
        "type": "ui_toast",
        "z": "f6f2187d.f17ca8",
        "position": "bottom right",
        "displayTime": "5",
        "highlight": "",
        "sendall": false,
        "outputs": 0,
        "ok": "OK",
        "cancel": "Cancel",
        "raw": false,
        "className": "",
        "topic": "",
        "name": "",
        "x": 780,
        "y": 1180,
        "wires": []
    },
    {
        "id": "56bc0ef4e07366de",
        "type": "change",
        "z": "f6f2187d.f17ca8",
        "name": "set",
        "rules": [
            {
                "t": "set",
                "p": "payload",
                "pt": "msg",
                "to": "sh /mqttgen/restart.sh",
                "tot": "str"
            }
        ],
        "action": "",
        "property": "",
        "from": "",
        "to": "",
        "reg": false,
        "x": 750,
        "y": 1120,
        "wires": [
            [
                "40aabc578ce9373c"
            ]
        ]
    },
    {
        "id": "40aabc578ce9373c",
        "type": "mqtt out",
        "z": "f6f2187d.f17ca8",
        "name": "controls",
        "topic": "controls/cuve-04",
        "qos": "",
        "retain": "",
        "respTopic": "",
        "contentType": "",
        "userProps": "",
        "correl": "",
        "expiry": "",
        "broker": "4960d68473603c84",
        "x": 920,
        "y": 1120,
        "wires": []
    },
    {
        "id": "d75fbb1ae80d0efb",
        "type": "mqtt in",
        "z": "f6f2187d.f17ca8",
        "name": "controls",
        "topic": "controls/cuve-04",
        "qos": "2",
        "datatype": "utf8",
        "broker": "4960d68473603c84",
        "nl": false,
        "rap": true,
        "rh": 0,
        "inputs": 0,
        "x": 1050,
        "y": 1120,
        "wires": [
            [
                "e51f3630cc783265"
            ]
        ]
    },
    {
        "id": "e51f3630cc783265",
        "type": "switch",
        "z": "f6f2187d.f17ca8",
        "name": "",
        "property": "payload",
        "propertyType": "msg",
        "rules": [
            {
                "t": "nempty"
            }
        ],
        "checkall": "true",
        "repair": false,
        "outputs": 1,
        "x": 1210,
        "y": 1120,
        "wires": [
            [
                "71187d840cfab0c6"
            ]
        ]
    },
    {
        "id": "3151f1f2ebe6830b",
        "type": "change",
        "z": "f6f2187d.f17ca8",
        "name": "delete",
        "rules": [
            {
                "t": "set",
                "p": "payload",
                "pt": "msg",
                "to": "",
                "tot": "str"
            }
        ],
        "action": "",
        "property": "",
        "from": "",
        "to": "",
        "reg": false,
        "x": 1710,
        "y": 1140,
        "wires": [
            [
                "f6f133bf5e60ddfe"
            ]
        ]
    },
    {
        "id": "948752c67ee56afa",
        "type": "ui_toast",
        "z": "f6f2187d.f17ca8",
        "position": "prompt",
        "displayTime": "3",
        "highlight": "",
        "sendall": false,
        "outputs": 1,
        "ok": "OK",
        "cancel": "Cancel",
        "raw": false,
        "className": "",
        "topic": "",
        "name": "show auth",
        "x": 410,
        "y": 1260,
        "wires": [
            [
                "d80d967c7093b989"
            ]
        ]
    },
    {
        "id": "d80d967c7093b989",
        "type": "function",
        "z": "f6f2187d.f17ca8",
        "name": "auth",
        "func": "if (msg.payload === 'systemofadown')\n{\n    msg.payload = \"Authentification réussite.\"\n    return [msg, null];\n} else {\n    msg.payload = \"Echec de l'authentification.\"\n    return [null, msg];\n}\n",
        "outputs": 2,
        "noerr": 0,
        "initialize": "",
        "finalize": "",
        "libs": [],
        "x": 590,
        "y": 1260,
        "wires": [
            [
                "4e22206c8f733f10",
                "b1dc9cb5940b582f"
            ],
            [
                "4e22206c8f733f10",
                "38c637a75c6d6d03"
            ]
        ]
    },
    {
        "id": "4e22206c8f733f10",
        "type": "ui_toast",
        "z": "f6f2187d.f17ca8",
        "position": "bottom right",
        "displayTime": "5",
        "highlight": "",
        "sendall": false,
        "outputs": 0,
        "ok": "OK",
        "cancel": "Cancel",
        "raw": false,
        "className": "",
        "topic": "",
        "name": "",
        "x": 780,
        "y": 1300,
        "wires": []
    },
    {
        "id": "b1dc9cb5940b582f",
        "type": "change",
        "z": "f6f2187d.f17ca8",
        "name": "set",
        "rules": [
            {
                "t": "set",
                "p": "payload",
                "pt": "msg",
                "to": "sh /mqttgen/restart.sh",
                "tot": "str"
            }
        ],
        "action": "",
        "property": "",
        "from": "",
        "to": "",
        "reg": false,
        "x": 750,
        "y": 1240,
        "wires": [
            [
                "ce49da70ff5bfc61"
            ]
        ]
    },
    {
        "id": "ce49da70ff5bfc61",
        "type": "mqtt out",
        "z": "f6f2187d.f17ca8",
        "name": "controls",
        "topic": "controls/cuve-05",
        "qos": "",
        "retain": "",
        "respTopic": "",
        "contentType": "",
        "userProps": "",
        "correl": "",
        "expiry": "",
        "broker": "4960d68473603c84",
        "x": 920,
        "y": 1240,
        "wires": []
    },
    {
        "id": "1caeb632a67b47be",
        "type": "mqtt in",
        "z": "f6f2187d.f17ca8",
        "name": "controls",
        "topic": "controls/cuve-05",
        "qos": "2",
        "datatype": "utf8",
        "broker": "4960d68473603c84",
        "nl": false,
        "rap": true,
        "rh": 0,
        "inputs": 0,
        "x": 1050,
        "y": 1240,
        "wires": [
            [
                "f763eed54f2aeb43"
            ]
        ]
    },
    {
        "id": "f763eed54f2aeb43",
        "type": "switch",
        "z": "f6f2187d.f17ca8",
        "name": "",
        "property": "payload",
        "propertyType": "msg",
        "rules": [
            {
                "t": "nempty"
            }
        ],
        "checkall": "true",
        "repair": false,
        "outputs": 1,
        "x": 1210,
        "y": 1240,
        "wires": [
            [
                "4ce89efb90f0e9f2"
            ]
        ]
    },
    {
        "id": "38c637a75c6d6d03",
        "type": "change",
        "z": "f6f2187d.f17ca8",
        "name": "delete",
        "rules": [
            {
                "t": "set",
                "p": "payload",
                "pt": "msg",
                "to": "",
                "tot": "str"
            }
        ],
        "action": "",
        "property": "",
        "from": "",
        "to": "",
        "reg": false,
        "x": 1710,
        "y": 1260,
        "wires": [
            [
                "f4fee75f7295d9d9"
            ]
        ]
    },
    {
        "id": "512833e63530322d",
        "type": "delay",
        "z": "f6f2187d.f17ca8",
        "name": "",
        "pauseType": "delay",
        "timeout": "15",
        "timeoutUnits": "seconds",
        "rate": "1",
        "nbRateUnits": "1",
        "rateUnits": "second",
        "randomFirst": "1",
        "randomLast": "5",
        "randomUnits": "seconds",
        "drop": false,
        "allowrate": false,
        "outputs": 1,
        "x": 1540,
        "y": 1020,
        "wires": [
            [
                "bb60f959f1ef71e9"
            ]
        ]
    },
    {
        "id": "64efbf2e4d366f75",
        "type": "delay",
        "z": "f6f2187d.f17ca8",
        "name": "",
        "pauseType": "delay",
        "timeout": "15",
        "timeoutUnits": "seconds",
        "rate": "1",
        "nbRateUnits": "1",
        "rateUnits": "second",
        "randomFirst": "1",
        "randomLast": "5",
        "randomUnits": "seconds",
        "drop": false,
        "allowrate": false,
        "outputs": 1,
        "x": 1540,
        "y": 1140,
        "wires": [
            [
                "3151f1f2ebe6830b"
            ]
        ]
    },
    {
        "id": "f09dd6f3ac93e073",
        "type": "delay",
        "z": "f6f2187d.f17ca8",
        "name": "",
        "pauseType": "delay",
        "timeout": "15",
        "timeoutUnits": "seconds",
        "rate": "1",
        "nbRateUnits": "1",
        "rateUnits": "second",
        "randomFirst": "1",
        "randomLast": "5",
        "randomUnits": "seconds",
        "drop": false,
        "allowrate": false,
        "outputs": 1,
        "x": 1540,
        "y": 1260,
        "wires": [
            [
                "38c637a75c6d6d03"
            ]
        ]
    },
    {
        "id": "406fbb4eaa7aebed",
        "type": "rbe",
        "z": "f6f2187d.f17ca8",
        "name": "",
        "func": "rbe",
        "gap": "",
        "start": "",
        "inout": "out",
        "septopics": true,
        "property": "payload",
        "topi": "topic",
        "x": 1690,
        "y": 260,
        "wires": [
            []
        ]
    },
    {
        "id": "c218ace337f4e92a",
        "type": "change",
        "z": "f6f2187d.f17ca8",
        "name": "",
        "rules": [
            {
                "t": "set",
                "p": "payload",
                "pt": "msg",
                "to": "",
                "tot": "str"
            }
        ],
        "action": "",
        "property": "",
        "from": "",
        "to": "",
        "reg": false,
        "x": 1680,
        "y": 320,
        "wires": [
            []
        ]
    },
    {
        "id": "62b7becd22c4ce50",
        "type": "csv",
        "z": "f6f2187d.f17ca8",
        "name": "",
        "sep": ",",
        "hdrin": "",
        "hdrout": "none",
        "multi": "one",
        "ret": "\\n",
        "temp": "",
        "skip": "0",
        "strings": true,
        "include_empty_strings": "",
        "include_null_values": "",
        "x": 1370,
        "y": 760,
        "wires": [
            [
                "0c81294015339b15",
                "3a173e26fea2969a"
            ]
        ]
    },
    {
        "id": "3f66ca74ddee962f",
        "type": "csv",
        "z": "f6f2187d.f17ca8",
        "name": "",
        "sep": ",",
        "hdrin": "",
        "hdrout": "none",
        "multi": "one",
        "ret": "\\n",
        "temp": "",
        "skip": "0",
        "strings": true,
        "include_empty_strings": "",
        "include_null_values": "",
        "x": 1370,
        "y": 880,
        "wires": [
            [
                "ec9c7ab9269e5813",
                "1ae308b597150358"
            ]
        ]
    },
    {
        "id": "e5115fc291cbb338",
        "type": "csv",
        "z": "f6f2187d.f17ca8",
        "name": "",
        "sep": ",",
        "hdrin": "",
        "hdrout": "none",
        "multi": "one",
        "ret": "\\n",
        "temp": "",
        "skip": "0",
        "strings": true,
        "include_empty_strings": "",
        "include_null_values": "",
        "x": 1370,
        "y": 1000,
        "wires": [
            [
                "512833e63530322d",
                "102e0925f7080ff7"
            ]
        ]
    },
    {
        "id": "71187d840cfab0c6",
        "type": "csv",
        "z": "f6f2187d.f17ca8",
        "name": "",
        "sep": ",",
        "hdrin": "",
        "hdrout": "none",
        "multi": "one",
        "ret": "\\n",
        "temp": "",
        "skip": "0",
        "strings": true,
        "include_empty_strings": "",
        "include_null_values": "",
        "x": 1370,
        "y": 1120,
        "wires": [
            [
                "64efbf2e4d366f75",
                "f6f133bf5e60ddfe"
            ]
        ]
    },
    {
        "id": "4ce89efb90f0e9f2",
        "type": "csv",
        "z": "f6f2187d.f17ca8",
        "name": "",
        "sep": ",",
        "hdrin": "",
        "hdrout": "none",
        "multi": "one",
        "ret": "\\n",
        "temp": "",
        "skip": "0",
        "strings": true,
        "include_empty_strings": "",
        "include_null_values": "",
        "x": 1370,
        "y": 1240,
        "wires": [
            [
                "f09dd6f3ac93e073",
                "f4fee75f7295d9d9"
            ]
        ]
    }
]