[
    {
        "id": "f6f2187d.f17ca8",
        "type": "tab",
        "label": "Indus2000",
        "disabled": false,
        "info": ""
    },
    {
        "id": "d75b84d02d8da679",
        "type": "tab",
        "label": "Flow 1",
        "disabled": false,
        "info": "",
        "env": []
    },
    {
        "id": "dcde2cac1406ecbd",
        "type": "ui_base",
        "theme": {
            "name": "theme-light",
            "lightTheme": {
                "default": "#0094CE",
                "baseColor": "#0094CE",
                "baseFont": "-apple-system,BlinkMacSystemFont,Segoe UI,Roboto,Oxygen-Sans,Ubuntu,Cantarell,Helvetica Neue,sans-serif",
                "edited": true,
                "reset": false
            },
            "darkTheme": {
                "default": "#097479",
                "baseColor": "#097479",
                "baseFont": "-apple-system,BlinkMacSystemFont,Segoe UI,Roboto,Oxygen-Sans,Ubuntu,Cantarell,Helvetica Neue,sans-serif",
                "edited": true,
                "reset": false
            },
            "customTheme": {
                "name": "Untitled Theme 1",
                "default": "#4B7930",
                "baseColor": "#4B7930",
                "baseFont": "-apple-system,BlinkMacSystemFont,Segoe UI,Roboto,Oxygen-Sans,Ubuntu,Cantarell,Helvetica Neue,sans-serif",
                "reset": false
            },
            "themeState": {
                "base-color": {
                    "default": "#0094CE",
                    "value": "#0094CE",
                    "edited": false
                },
                "page-titlebar-backgroundColor": {
                    "value": "#0094CE",
                    "edited": false
                },
                "page-backgroundColor": {
                    "value": "#fafafa",
                    "edited": false
                },
                "page-sidebar-backgroundColor": {
                    "value": "#ffffff",
                    "edited": false
                },
                "group-textColor": {
                    "value": "#1bbfff",
                    "edited": false
                },
                "group-borderColor": {
                    "value": "#ffffff",
                    "edited": false
                },
                "group-backgroundColor": {
                    "value": "#ffffff",
                    "edited": false
                },
                "widget-textColor": {
                    "value": "#111111",
                    "edited": false
                },
                "widget-backgroundColor": {
                    "value": "#0094ce",
                    "edited": false
                },
                "widget-borderColor": {
                    "value": "#ffffff",
                    "edited": false
                },
                "base-font": {
                    "value": "-apple-system,BlinkMacSystemFont,Segoe UI,Roboto,Oxygen-Sans,Ubuntu,Cantarell,Helvetica Neue,sans-serif"
                }
            },
            "angularTheme": {
                "primary": "indigo",
                "accents": "blue",
                "warn": "red",
                "background": "grey",
                "palette": "light"
            }
        },
        "site": {
            "name": "Indus2000",
            "hideToolbar": "false",
            "allowSwipe": "false",
            "lockMenu": "false",
            "allowTempTheme": "true",
            "dateFormat": "DD/MM/YYYY",
            "sizes": {
                "sx": 48,
                "sy": 48,
                "gx": 6,
                "gy": 6,
                "cx": 6,
                "cy": 6,
                "px": 0,
                "py": 0
            }
        }
    },
    {
        "id": "bf9250358d347a26",
        "type": "ui_group",
        "name": "Indicateurs Cuve-01",
        "tab": "d7d56e92e6a4d329",
        "order": 1,
        "disp": true,
        "width": "6",
        "collapse": false,
        "className": ""
    },
    {
        "id": "d7d56e92e6a4d329",
        "type": "ui_tab",
        "name": "Supervision",
        "icon": "show_chart",
        "order": 1,
        "disabled": false,
        "hidden": false
    },
    {
        "id": "fb3d72d40e01008a",
        "type": "ui_group",
        "name": "Indicateurs Cuve-05",
        "tab": "d7d56e92e6a4d329",
        "order": 5,
        "disp": true,
        "width": "6",
        "collapse": false,
        "className": ""
    },
    {
        "id": "3a63e85d390a5e8a",
        "type": "ui_group",
        "name": "Indicateurs Cuve-03",
        "tab": "d7d56e92e6a4d329",
        "order": 3,
        "disp": true,
        "width": "6",
        "collapse": false,
        "className": ""
    },
    {
        "id": "42fb5fbdeb9f852d",
        "type": "ui_group",
        "name": "Indicateurs Cuve-04",
        "tab": "d7d56e92e6a4d329",
        "order": 4,
        "disp": true,
        "width": "6",
        "collapse": false,
        "className": ""
    },
    {
        "id": "14dc49e23727cf2c",
        "type": "ui_group",
        "name": "Indicateurs Cuve-02",
        "tab": "d7d56e92e6a4d329",
        "order": 2,
        "disp": true,
        "width": "6",
        "collapse": false,
        "className": ""
    },
    {
        "id": "62286305dd32adb6",
        "type": "ui_tab",
        "name": "Controles",
        "icon": "build",
        "order": 2,
        "disabled": false,
        "hidden": false
    },
    {
        "id": "3c692b974ea0568e",
        "type": "ui_group",
        "name": "Controles Cuve-01",
        "tab": "62286305dd32adb6",
        "order": 1,
        "disp": true,
        "width": "6",
        "collapse": false,
        "className": ""
    },
    {
        "id": "7ec7e813549bc846",
        "type": "ui_group",
        "name": "Controles Cuve-02",
        "tab": "62286305dd32adb6",
        "order": 2,
        "disp": true,
        "width": "6",
        "collapse": false,
        "className": ""
    },
    {
        "id": "82efa7a6c7ec4155",
        "type": "ui_group",
        "name": "Controles Cuve-03",
        "tab": "62286305dd32adb6",
        "order": 3,
        "disp": true,
        "width": "6",
        "collapse": false,
        "className": ""
    },
    {
        "id": "f806e77ed84b0abc",
        "type": "ui_group",
        "name": "Controles Cuve-04",
        "tab": "62286305dd32adb6",
        "order": 4,
        "disp": true,
        "width": "6",
        "collapse": false,
        "className": ""
    },
    {
        "id": "e1f821ede2a7de2f",
        "type": "ui_group",
        "name": "Controles Cuve-05",
        "tab": "62286305dd32adb6",
        "order": 5,
        "disp": true,
        "width": "6",
        "collapse": false,
        "className": ""
    },
    {
        "id": "4960d68473603c84",
        "type": "mqtt-broker",
        "name": "mqttbrk",
        "broker": "mqttbrk",
        "port": "1883",
        "clientid": "",
        "autoConnect": true,
        "usetls": false,
        "protocolVersion": "4",
        "keepalive": "60",
        "cleansession": true,
        "birthTopic": "",
        "birthQos": "0",
        "birthPayload": "",
        "birthMsg": {},
        "closeTopic": "",
        "closeQos": "0",
        "closePayload": "",
        "closeMsg": {},
        "willTopic": "",
        "willQos": "0",
        "willPayload": "",
        "willMsg": {},
        "sessionExpiry": ""
    },
    {
        "id": "5419498f4e93e296",
        "type": "ui_group",
        "d": true,
        "name": "Administration",
        "tab": "62286305dd32adb6",
        "order": 6,
        "disp": true,
        "width": "6",
        "collapse": false,
        "className": ""
    },
    {
        "id": "6dca4ebe0e0e35b8",
        "type": "ui_gauge",
        "z": "f6f2187d.f17ca8",
        "name": "",
        "group": "14dc49e23727cf2c",
        "order": 2,
        "width": 0,
        "height": 0,
        "gtype": "gage",
        "title": "Sonde Temperature",
        "label": "°C",
        "format": "{{value}}",
        "min": 0,
        "max": "400",
        "colors": [
            "#00b500",
            "#e6e600",
            "#ca3838"
        ],
        "seg1": "",
        "seg2": "",
        "className": "",
        "x": 450,
        "y": 500,
        "wires": []
    },
    {
        "id": "1ea70cd58eb53ead",
        "type": "ui_gauge",
        "z": "f6f2187d.f17ca8",
        "name": "",
        "group": "bf9250358d347a26",
        "order": 2,
        "width": 0,
        "height": 0,
        "gtype": "gage",
        "title": "Sonde Temperature",
        "label": "°C",
        "format": "{{value}}",
        "min": 0,
        "max": "400",
        "colors": [
            "#00b500",
            "#e6e600",
            "#ca3838"
        ],
        "seg1": "",
        "seg2": "",
        "className": "",
        "x": 190,
        "y": 500,
        "wires": []
    },
    {
        "id": "6d43ca15fe37a9b5",
        "type": "ui_gauge",
        "z": "f6f2187d.f17ca8",
        "name": "",
        "group": "3a63e85d390a5e8a",
        "order": 2,
        "width": 0,
        "height": 0,
        "gtype": "gage",
        "title": "Sonde Temperature",
        "label": "°C",
        "format": "{{value}}",
        "min": 0,
        "max": "400",
        "colors": [
            "#00b500",
            "#e6e600",
            "#ca3838"
        ],
        "seg1": "",
        "seg2": "",
        "className": "",
        "x": 710,
        "y": 500,
        "wires": []
    },
    {
        "id": "7c718d7978365b00",
        "type": "ui_gauge",
        "z": "f6f2187d.f17ca8",
        "name": "",
        "group": "42fb5fbdeb9f852d",
        "order": 2,
        "width": 0,
        "height": 0,
        "gtype": "gage",
        "title": "Sonde Temperature",
        "label": "°C",
        "format": "{{value}}",
        "min": 0,
        "max": "400",
        "colors": [
            "#00b500",
            "#e6e600",
            "#ca3838"
        ],
        "seg1": "",
        "seg2": "",
        "className": "",
        "x": 970,
        "y": 500,
        "wires": []
    },
    {
        "id": "033e3a352305a11e",
        "type": "ui_gauge",
        "z": "f6f2187d.f17ca8",
        "name": "",
        "group": "fb3d72d40e01008a",
        "order": 2,
        "width": 0,
        "height": 0,
        "gtype": "gage",
        "title": "Sonde Temperature",
        "label": "°C",
        "format": "{{value}}",
        "min": 0,
        "max": "400",
        "colors": [
            "#00b500",
            "#e6e600",
            "#ca3838"
        ],
        "seg1": "",
        "seg2": "",
        "className": "",
        "x": 1230,
        "y": 500,
        "wires": []
    },
    {
        "id": "284a27014af829b4",
        "type": "ui_gauge",
        "z": "f6f2187d.f17ca8",
        "name": "",
        "group": "14dc49e23727cf2c",
        "order": 3,
        "width": 0,
        "height": 0,
        "gtype": "compass",
        "title": "Sonde Pression CO2",
        "label": "bar",
        "format": "{{value}}",
        "min": 0,
        "max": "100",
        "colors": [
            "#00b500",
            "#e6e600",
            "#ca3838"
        ],
        "seg1": "",
        "seg2": "",
        "className": "",
        "x": 440,
        "y": 540,
        "wires": []
    },
    {
        "id": "b37882b3f4984e89",
        "type": "ui_gauge",
        "z": "f6f2187d.f17ca8",
        "name": "",
        "group": "bf9250358d347a26",
        "order": 3,
        "width": 0,
        "height": 0,
        "gtype": "compass",
        "title": "Sonde Pression CO2",
        "label": "bar",
        "format": "{{value}}",
        "min": 0,
        "max": "100",
        "colors": [
            "#00b500",
            "#e6e600",
            "#ca3838"
        ],
        "seg1": "",
        "seg2": "",
        "className": "",
        "x": 180,
        "y": 540,
        "wires": []
    },
    {
        "id": "b87b890d37552593",
        "type": "ui_gauge",
        "z": "f6f2187d.f17ca8",
        "name": "",
        "group": "3a63e85d390a5e8a",
        "order": 3,
        "width": 0,
        "height": 0,
        "gtype": "compass",
        "title": "Sonde Pression CO2",
        "label": "bar",
        "format": "{{value}}",
        "min": 0,
        "max": "100",
        "colors": [
            "#00b500",
            "#e6e600",
            "#ca3838"
        ],
        "seg1": "",
        "seg2": "",
        "className": "",
        "x": 700,
        "y": 540,
        "wires": []
    },
    {
        "id": "6138e8ad56454c0e",
        "type": "ui_gauge",
        "z": "f6f2187d.f17ca8",
        "name": "",
        "group": "42fb5fbdeb9f852d",
        "order": 3,
        "width": 0,
        "height": 0,
        "gtype": "compass",
        "title": "Sonde Pression CO2",
        "label": "bar",
        "format": "{{value}}",
        "min": 0,
        "max": "100",
        "colors": [
            "#00b500",
            "#e6e600",
            "#ca3838"
        ],
        "seg1": "",
        "seg2": "",
        "className": "",
        "x": 960,
        "y": 540,
        "wires": []
    },
    {
        "id": "132469edc7158584",
        "type": "ui_gauge",
        "z": "f6f2187d.f17ca8",
        "name": "",
        "group": "fb3d72d40e01008a",
        "order": 3,
        "width": 0,
        "height": 0,
        "gtype": "compass",
        "title": "Sonde Pression CO2",
        "label": "bar",
        "format": "{{value}}",
        "min": 0,
        "max": "100",
        "colors": [
            "#00b500",
            "#e6e600",
            "#ca3838"
        ],
        "seg1": "",
        "seg2": "",
        "className": "",
        "x": 1220,
        "y": 540,
        "wires": []
    },
    {
        "id": "176193947e884c7a",
        "type": "ui_gauge",
        "z": "f6f2187d.f17ca8",
        "name": "",
        "group": "14dc49e23727cf2c",
        "order": 4,
        "width": 0,
        "height": 0,
        "gtype": "compass",
        "title": "Sonde Pression O2",
        "label": "bar",
        "format": "{{value}}",
        "min": 0,
        "max": 10,
        "colors": [
            "#00b500",
            "#e6e600",
            "#ca3838"
        ],
        "seg1": "",
        "seg2": "",
        "className": "",
        "x": 450,
        "y": 580,
        "wires": []
    },
    {
        "id": "b6079bc4634dd836",
        "type": "ui_gauge",
        "z": "f6f2187d.f17ca8",
        "name": "",
        "group": "bf9250358d347a26",
        "order": 4,
        "width": 0,
        "height": 0,
        "gtype": "compass",
        "title": "Sonde Pression O2",
        "label": "bar",
        "format": "{{value}}",
        "min": 0,
        "max": 10,
        "colors": [
            "#00b500",
            "#e6e600",
            "#ca3838"
        ],
        "seg1": "",
        "seg2": "",
        "className": "",
        "x": 190,
        "y": 580,
        "wires": []
    },
    {
        "id": "6e28bde35a0f7e2f",
        "type": "ui_gauge",
        "z": "f6f2187d.f17ca8",
        "name": "",
        "group": "3a63e85d390a5e8a",
        "order": 4,
        "width": 0,
        "height": 0,
        "gtype": "compass",
        "title": "Sonde Pression O2",
        "label": "bar",
        "format": "{{value}}",
        "min": 0,
        "max": 10,
        "colors": [
            "#00b500",
            "#e6e600",
            "#ca3838"
        ],
        "seg1": "",
        "seg2": "",
        "className": "",
        "x": 710,
        "y": 580,
        "wires": []
    },
    {
        "id": "b85bb2da240bdeb9",
        "type": "ui_gauge",
        "z": "f6f2187d.f17ca8",
        "name": "",
        "group": "42fb5fbdeb9f852d",
        "order": 4,
        "width": 0,
        "height": 0,
        "gtype": "compass",
        "title": "Sonde Pression O2",
        "label": "bar",
        "format": "{{value}}",
        "min": 0,
        "max": 10,
        "colors": [
            "#00b500",
            "#e6e600",
            "#ca3838"
        ],
        "seg1": "",
        "seg2": "",
        "className": "",
        "x": 970,
        "y": 580,
        "wires": []
    },
    {
        "id": "1c0fc7b45d55b3ff",
        "type": "ui_gauge",
        "z": "f6f2187d.f17ca8",
        "name": "",
        "group": "fb3d72d40e01008a",
        "order": 4,
        "width": 0,
        "height": 0,
        "gtype": "compass",
        "title": "Sonde Pression O2",
        "label": "bar",
        "format": "{{value}}",
        "min": 0,
        "max": 10,
        "colors": [
            "#00b500",
            "#e6e600",
            "#ca3838"
        ],
        "seg1": "",
        "seg2": "",
        "className": "",
        "x": 1230,
        "y": 580,
        "wires": []
    },
    {
        "id": "6bb8209516326a1c",
        "type": "ui_gauge",
        "z": "f6f2187d.f17ca8",
        "name": "",
        "group": "bf9250358d347a26",
        "order": 5,
        "width": 0,
        "height": 0,
        "gtype": "wave",
        "title": "Sonde Volume",
        "label": "L",
        "format": "{{value}}",
        "min": 0,
        "max": 10,
        "colors": [
            "#00b500",
            "#e6e600",
            "#ca3838"
        ],
        "seg1": "",
        "seg2": "",
        "className": "",
        "x": 200,
        "y": 620,
        "wires": []
    },
    {
        "id": "c38bccc986a11015",
        "type": "ui_gauge",
        "z": "f6f2187d.f17ca8",
        "name": "",
        "group": "14dc49e23727cf2c",
        "order": 5,
        "width": 0,
        "height": 0,
        "gtype": "wave",
        "title": "Sonde Volume",
        "label": "L",
        "format": "{{value}}",
        "min": 0,
        "max": 10,
        "colors": [
            "#00b500",
            "#e6e600",
            "#ca3838"
        ],
        "seg1": "",
        "seg2": "",
        "className": "",
        "x": 460,
        "y": 620,
        "wires": []
    },
    {
        "id": "e3607f015853c059",
        "type": "ui_gauge",
        "z": "f6f2187d.f17ca8",
        "name": "",
        "group": "3a63e85d390a5e8a",
        "order": 5,
        "width": 0,
        "height": 0,
        "gtype": "wave",
        "title": "Sonde Volume",
        "label": "L",
        "format": "{{value}}",
        "min": 0,
        "max": 10,
        "colors": [
            "#00b500",
            "#e6e600",
            "#ca3838"
        ],
        "seg1": "",
        "seg2": "",
        "className": "",
        "x": 720,
        "y": 620,
        "wires": []
    },
    {
        "id": "5a953340fc0d484d",
        "type": "ui_gauge",
        "z": "f6f2187d.f17ca8",
        "name": "",
        "group": "42fb5fbdeb9f852d",
        "order": 5,
        "width": 0,
        "height": 0,
        "gtype": "wave",
        "title": "Sonde Volume",
        "label": "L",
        "format": "{{value}}",
        "min": 0,
        "max": 10,
        "colors": [
            "#00b500",
            "#e6e600",
            "#ca3838"
        ],
        "seg1": "",
        "seg2": "",
        "className": "",
        "x": 980,
        "y": 620,
        "wires": []
    },
    {
        "id": "9d1b1580105d766b",
        "type": "ui_gauge",
        "z": "f6f2187d.f17ca8",
        "name": "",
        "group": "fb3d72d40e01008a",
        "order": 5,
        "width": 0,
        "height": 0,
        "gtype": "wave",
        "title": "Sonde Volume",
        "label": "L",
        "format": "{{value}}",
        "min": 0,
        "max": 10,
        "colors": [
            "#00b500",
            "#e6e600",
            "#ca3838"
        ],
        "seg1": "",
        "seg2": "",
        "className": "",
        "x": 1240,
        "y": 620,
        "wires": []
    },
    {
        "id": "2b131d8c94d559fb",
        "type": "ui_led",
        "z": "f6f2187d.f17ca8",
        "order": 1,
        "group": "bf9250358d347a26",
        "width": 0,
        "height": 0,
        "label": "",
        "labelPlacement": "left",
        "labelAlignment": "center",
        "colorForValue": [
            {
                "color": "#ff0000",
                "value": "false",
                "valueType": "bool"
            },
            {
                "color": "#008000",
                "value": "true",
                "valueType": "bool"
            }
        ],
        "allowColorForValueInMessage": false,
        "shape": "circle",
        "showGlow": true,
        "name": "Led L01",
        "x": 220,
        "y": 400,
        "wires": []
    },
    {
        "id": "b421c2d33759bc75",
        "type": "ui_led",
        "z": "f6f2187d.f17ca8",
        "order": 1,
        "group": "14dc49e23727cf2c",
        "width": 0,
        "height": 0,
        "label": "",
        "labelPlacement": "left",
        "labelAlignment": "center",
        "colorForValue": [
            {
                "color": "#ff0000",
                "value": "false",
                "valueType": "bool"
            },
            {
                "color": "#008000",
                "value": "true",
                "valueType": "bool"
            }
        ],
        "allowColorForValueInMessage": false,
        "shape": "circle",
        "showGlow": true,
        "name": "Led L02",
        "x": 480,
        "y": 400,
        "wires": []
    },
    {
        "id": "645dcb349b49a0fb",
        "type": "ui_led",
        "z": "f6f2187d.f17ca8",
        "order": 1,
        "group": "3a63e85d390a5e8a",
        "width": 0,
        "height": 0,
        "label": "",
        "labelPlacement": "left",
        "labelAlignment": "center",
        "colorForValue": [
            {
                "color": "#ff0000",
                "value": "false",
                "valueType": "bool"
            },
            {
                "color": "#008000",
                "value": "true",
                "valueType": "bool"
            }
        ],
        "allowColorForValueInMessage": false,
        "shape": "circle",
        "showGlow": true,
        "name": "Led L03",
        "x": 740,
        "y": 400,
        "wires": []
    },
    {
        "id": "57e9b5647f2edab0",
        "type": "ui_led",
        "z": "f6f2187d.f17ca8",
        "order": 1,
        "group": "42fb5fbdeb9f852d",
        "width": 0,
        "height": 0,
        "label": "",
        "labelPlacement": "left",
        "labelAlignment": "center",
        "colorForValue": [
            {
                "color": "#ff0000",
                "value": "false",
                "valueType": "bool"
            },
            {
                "color": "#008000",
                "value": "true",
                "valueType": "bool"
            }
        ],
        "allowColorForValueInMessage": false,
        "shape": "circle",
        "showGlow": true,
        "name": "Led L04",
        "x": 1000,
        "y": 400,
        "wires": []
    },
    {
        "id": "a3b26f25d0fd1e0f",
        "type": "ui_led",
        "z": "f6f2187d.f17ca8",
        "order": 1,
        "group": "fb3d72d40e01008a",
        "width": 0,
        "height": 0,
        "label": "",
        "labelPlacement": "left",
        "labelAlignment": "center",
        "colorForValue": [
            {
                "color": "#ff0000",
                "value": "false",
                "valueType": "bool"
            },
            {
                "color": "#008000",
                "value": "true",
                "valueType": "bool"
            }
        ],
        "allowColorForValueInMessage": false,
        "shape": "circle",
        "showGlow": true,
        "name": "Led L05",
        "x": 1260,
        "y": 400,
        "wires": []
    },
    {
        "id": "c2adce197539e68d",
        "type": "ui_button",
        "z": "f6f2187d.f17ca8",
        "name": "",
        "group": "3c692b974ea0568e",
        "order": 2,
        "width": 0,
        "height": 0,
        "passthru": false,
        "label": "Restart Cuve-01",
        "tooltip": "",
        "color": "",
        "bgcolor": "",
        "className": "",
        "icon": "replay",
        "payload": "Restart Cuve-01",
        "payloadType": "str",
        "topic": "topic",
        "topicType": "msg",
        "x": 200,
        "y": 720,
        "wires": [
            [
                "b40d56a113f49720"
            ]
        ]
    },
    {
        "id": "bb82c5f1bd3d6bf3",
        "type": "ui_button",
        "z": "f6f2187d.f17ca8",
        "name": "",
        "group": "7ec7e813549bc846",
        "order": 2,
        "width": 0,
        "height": 0,
        "passthru": false,
        "label": "Restart Cuve-02",
        "tooltip": "",
        "color": "",
        "bgcolor": "",
        "className": "",
        "icon": "replay",
        "payload": "Restart Cuve-02",
        "payloadType": "str",
        "topic": "topic",
        "topicType": "msg",
        "x": 460,
        "y": 720,
        "wires": [
            [
                "64b12f4621e5d1f2"
            ]
        ]
    },
    {
        "id": "6c972435061096e4",
        "type": "ui_button",
        "z": "f6f2187d.f17ca8",
        "name": "",
        "group": "82efa7a6c7ec4155",
        "order": 2,
        "width": 0,
        "height": 0,
        "passthru": false,
        "label": "Restart Cuve-03",
        "tooltip": "",
        "color": "",
        "bgcolor": "",
        "className": "",
        "icon": "replay",
        "payload": "Restart Cuve-03",
        "payloadType": "str",
        "topic": "topic",
        "topicType": "msg",
        "x": 720,
        "y": 720,
        "wires": [
            [
                "ee4717cf266bf132"
            ]
        ]
    },
    {
        "id": "c81a7fa14f60cd46",
        "type": "ui_button",
        "z": "f6f2187d.f17ca8",
        "name": "",
        "group": "f806e77ed84b0abc",
        "order": 2,
        "width": 0,
        "height": 0,
        "passthru": false,
        "label": "Restart Cuve-04",
        "tooltip": "",
        "color": "",
        "bgcolor": "",
        "className": "",
        "icon": "replay",
        "payload": "Restart Cuve-04",
        "payloadType": "str",
        "topic": "topic",
        "topicType": "msg",
        "x": 980,
        "y": 720,
        "wires": [
            [
                "fa5afabf6df6c5ac"
            ]
        ]
    },
    {
        "id": "44563d0e88978ac0",
        "type": "ui_button",
        "z": "f6f2187d.f17ca8",
        "name": "",
        "group": "e1f821ede2a7de2f",
        "order": 2,
        "width": 0,
        "height": 0,
        "passthru": false,
        "label": "Restart Cuve-05",
        "tooltip": "",
        "color": "",
        "bgcolor": "",
        "className": "",
        "icon": "replay",
        "payload": "Restart Cuve-05",
        "payloadType": "str",
        "topic": "topic",
        "topicType": "msg",
        "x": 1240,
        "y": 720,
        "wires": [
            [
                "e75806b6b51aa884"
            ]
        ]
    },
    {
        "id": "f8eb3a683f8f0376",
        "type": "ui_led",
        "z": "f6f2187d.f17ca8",
        "order": 1,
        "group": "3c692b974ea0568e",
        "width": 0,
        "height": 0,
        "label": "",
        "labelPlacement": "left",
        "labelAlignment": "center",
        "colorForValue": [
            {
                "color": "#ff0000",
                "value": "false",
                "valueType": "bool"
            },
            {
                "color": "#008000",
                "value": "true",
                "valueType": "bool"
            }
        ],
        "allowColorForValueInMessage": false,
        "shape": "circle",
        "showGlow": true,
        "name": "Led L01",
        "x": 220,
        "y": 440,
        "wires": []
    },
    {
        "id": "4ddef3d2d0cdfe91",
        "type": "ui_led",
        "z": "f6f2187d.f17ca8",
        "order": 1,
        "group": "7ec7e813549bc846",
        "width": 0,
        "height": 0,
        "label": "",
        "labelPlacement": "left",
        "labelAlignment": "center",
        "colorForValue": [
            {
                "color": "#ff0000",
                "value": "false",
                "valueType": "bool"
            },
            {
                "color": "#008000",
                "value": "true",
                "valueType": "bool"
            }
        ],
        "allowColorForValueInMessage": false,
        "shape": "circle",
        "showGlow": true,
        "name": "Led L02",
        "x": 480,
        "y": 440,
        "wires": []
    },
    {
        "id": "f805187f6ad5a7b1",
        "type": "ui_led",
        "z": "f6f2187d.f17ca8",
        "order": 1,
        "group": "82efa7a6c7ec4155",
        "width": 0,
        "height": 0,
        "label": "",
        "labelPlacement": "left",
        "labelAlignment": "center",
        "colorForValue": [
            {
                "color": "#ff0000",
                "value": "false",
                "valueType": "bool"
            },
            {
                "color": "#008000",
                "value": "true",
                "valueType": "bool"
            }
        ],
        "allowColorForValueInMessage": false,
        "shape": "circle",
        "showGlow": true,
        "name": "Led L03",
        "x": 740,
        "y": 440,
        "wires": []
    },
    {
        "id": "50e6698505d72a3e",
        "type": "ui_led",
        "z": "f6f2187d.f17ca8",
        "order": 1,
        "group": "f806e77ed84b0abc",
        "width": 0,
        "height": 0,
        "label": "",
        "labelPlacement": "left",
        "labelAlignment": "center",
        "colorForValue": [
            {
                "color": "#ff0000",
                "value": "false",
                "valueType": "bool"
            },
            {
                "color": "#008000",
                "value": "true",
                "valueType": "bool"
            }
        ],
        "allowColorForValueInMessage": false,
        "shape": "circle",
        "showGlow": true,
        "name": "Led L04",
        "x": 1000,
        "y": 440,
        "wires": []
    },
    {
        "id": "63f94c0264f1f0df",
        "type": "ui_led",
        "z": "f6f2187d.f17ca8",
        "order": 1,
        "group": "e1f821ede2a7de2f",
        "width": 0,
        "height": 0,
        "label": "",
        "labelPlacement": "left",
        "labelAlignment": "center",
        "colorForValue": [
            {
                "color": "#ff0000",
                "value": "false",
                "valueType": "bool"
            },
            {
                "color": "#008000",
                "value": "true",
                "valueType": "bool"
            }
        ],
        "allowColorForValueInMessage": false,
        "shape": "circle",
        "showGlow": true,
        "name": "Led L05",
        "x": 1260,
        "y": 440,
        "wires": []
    },
    {
        "id": "fadced2d39f9590b",
        "type": "ui_toast",
        "z": "f6f2187d.f17ca8",
        "position": "prompt",
        "displayTime": "3",
        "highlight": "",
        "sendall": false,
        "outputs": 1,
        "ok": "OK",
        "cancel": "Cancel",
        "raw": false,
        "className": "",
        "topic": "",
        "name": "show auth",
        "x": 450,
        "y": 980,
        "wires": [
            [
                "37580f91fbf9d2eb"
            ]
        ]
    },
    {
        "id": "b40d56a113f49720",
        "type": "link out",
        "z": "f6f2187d.f17ca8",
        "name": "Controle 01",
        "mode": "link",
        "links": [
            "03aa7bcff9f7fa12"
        ],
        "x": 335,
        "y": 760,
        "wires": []
    },
    {
        "id": "64b12f4621e5d1f2",
        "type": "link out",
        "z": "f6f2187d.f17ca8",
        "name": "Controle 02",
        "mode": "link",
        "links": [
            "03aa7bcff9f7fa12"
        ],
        "x": 595,
        "y": 760,
        "wires": []
    },
    {
        "id": "ee4717cf266bf132",
        "type": "link out",
        "z": "f6f2187d.f17ca8",
        "name": "Controle 03",
        "mode": "link",
        "links": [
            "03aa7bcff9f7fa12"
        ],
        "x": 855,
        "y": 760,
        "wires": []
    },
    {
        "id": "fa5afabf6df6c5ac",
        "type": "link out",
        "z": "f6f2187d.f17ca8",
        "name": "Controle 04",
        "mode": "link",
        "links": [
            "03aa7bcff9f7fa12"
        ],
        "x": 1115,
        "y": 760,
        "wires": []
    },
    {
        "id": "e75806b6b51aa884",
        "type": "link out",
        "z": "f6f2187d.f17ca8",
        "name": "Controle 05",
        "mode": "link",
        "links": [
            "03aa7bcff9f7fa12"
        ],
        "x": 1375,
        "y": 760,
        "wires": []
    },
    {
        "id": "03aa7bcff9f7fa12",
        "type": "link in",
        "z": "f6f2187d.f17ca8",
        "name": "Controleur Auth",
        "links": [
            "64b12f4621e5d1f2",
            "b40d56a113f49720",
            "e75806b6b51aa884",
            "ee4717cf266bf132",
            "fa5afabf6df6c5ac"
        ],
        "x": 155,
        "y": 980,
        "wires": [
            [
                "1294283bf7a06f99"
            ]
        ]
    },
    {
        "id": "37580f91fbf9d2eb",
        "type": "function",
        "z": "f6f2187d.f17ca8",
        "name": "auth",
        "func": "if (msg.payload === 'Embeddedsystems')\n{\n    msg.payload = \"Authentification réussite.\"\n    return [msg, null];\n} else {\n    msg.payload = \"Echec de l'authentification.\"\n    return [null, msg];\n}\n",
        "outputs": 2,
        "noerr": 0,
        "initialize": "",
        "finalize": "",
        "libs": [],
        "x": 630,
        "y": 980,
        "wires": [
            [
                "8737cbefa36687a8",
                "3adaf785f0669f65"
            ],
            [
                "d5beb05d9dca9b06",
                "3f0ca9c0958645b8"
            ]
        ]
    },
    {
        "id": "8737cbefa36687a8",
        "type": "ui_toast",
        "z": "f6f2187d.f17ca8",
        "position": "bottom right",
        "displayTime": "5",
        "highlight": "",
        "sendall": false,
        "outputs": 0,
        "ok": "OK",
        "cancel": "Cancel",
        "raw": false,
        "className": "",
        "topic": "",
        "name": "",
        "x": 820,
        "y": 920,
        "wires": []
    },
    {
        "id": "d5beb05d9dca9b06",
        "type": "ui_toast",
        "z": "f6f2187d.f17ca8",
        "position": "bottom right",
        "displayTime": "5",
        "highlight": "",
        "sendall": false,
        "outputs": 0,
        "ok": "OK",
        "cancel": "Cancel",
        "raw": false,
        "className": "",
        "topic": "",
        "name": "",
        "x": 840,
        "y": 1140,
        "wires": []
    },
    {
        "id": "3f0ca9c0958645b8",
        "type": "change",
        "z": "f6f2187d.f17ca8",
        "name": "delete",
        "rules": [
            {
                "t": "set",
                "p": "payload",
                "pt": "msg",
                "to": "",
                "tot": "str"
            }
        ],
        "action": "",
        "property": "",
        "from": "",
        "to": "",
        "reg": false,
        "x": 930,
        "y": 1100,
        "wires": [
            [
                "90d5dc1ebe284b5d"
            ]
        ]
    },
    {
        "id": "9dce5ae8f13a3cb3",
        "type": "change",
        "z": "f6f2187d.f17ca8",
        "name": "set",
        "rules": [
            {
                "t": "set",
                "p": "payload",
                "pt": "msg",
                "to": "ls /",
                "tot": "str"
            }
        ],
        "action": "",
        "property": "",
        "from": "",
        "to": "",
        "reg": false,
        "x": 990,
        "y": 960,
        "wires": [
            [
                "7fabbf4c74e70f5a"
            ]
        ]
    },
    {
        "id": "abbd40479d7c8ec4",
        "type": "mqtt in",
        "z": "f6f2187d.f17ca8",
        "name": "",
        "topic": "sensors",
        "qos": "2",
        "datatype": "json",
        "broker": "4960d68473603c84",
        "nl": false,
        "rap": true,
        "rh": 0,
        "inputs": 0,
        "x": 470,
        "y": 60,
        "wires": [
            [
                "6ed8a49fcbb104a2",
                "db16a98223667db8"
            ]
        ]
    },
    {
        "id": "6ed8a49fcbb104a2",
        "type": "switch",
        "z": "f6f2187d.f17ca8",
        "name": "",
        "property": "payload.id",
        "propertyType": "msg",
        "rules": [
            {
                "t": "cont",
                "v": "c01",
                "vt": "str"
            },
            {
                "t": "cont",
                "v": "c02",
                "vt": "str"
            },
            {
                "t": "cont",
                "v": "c03",
                "vt": "str"
            },
            {
                "t": "cont",
                "v": "c04",
                "vt": "str"
            },
            {
                "t": "cont",
                "v": "c05",
                "vt": "str"
            }
        ],
        "checkall": "true",
        "repair": false,
        "outputs": 5,
        "x": 630,
        "y": 60,
        "wires": [
            [
                "78215708e9f739f1"
            ],
            [
                "208c6cfade8ec9bb"
            ],
            [
                "3bdb4837fcf6467e"
            ],
            [
                "ea2f96d737fc6379"
            ],
            [
                "432897865a29a141"
            ]
        ]
    },
    {
        "id": "8277fc11f8a39922",
        "type": "link in",
        "z": "f6f2187d.f17ca8",
        "name": "Valeurs 01",
        "links": [
            "78215708e9f739f1"
        ],
        "x": 115,
        "y": 320,
        "wires": [
            [
                "cc542653cc8f522f"
            ]
        ]
    },
    {
        "id": "78215708e9f739f1",
        "type": "link out",
        "z": "f6f2187d.f17ca8",
        "name": "Valeurs 01",
        "mode": "link",
        "links": [
            "8277fc11f8a39922"
        ],
        "x": 755,
        "y": 20,
        "wires": []
    },
    {
        "id": "208c6cfade8ec9bb",
        "type": "link out",
        "z": "f6f2187d.f17ca8",
        "name": "Valeurs 02",
        "mode": "link",
        "links": [
            "3107c1727641d67d"
        ],
        "x": 755,
        "y": 40,
        "wires": []
    },
    {
        "id": "3bdb4837fcf6467e",
        "type": "link out",
        "z": "f6f2187d.f17ca8",
        "name": "Valeurs 03",
        "mode": "link",
        "links": [
            "25b86c04f85715af"
        ],
        "x": 755,
        "y": 60,
        "wires": []
    },
    {
        "id": "ea2f96d737fc6379",
        "type": "link out",
        "z": "f6f2187d.f17ca8",
        "name": "Valeurs 04",
        "mode": "link",
        "links": [
            "c46ddff2e40bf4a2"
        ],
        "x": 755,
        "y": 80,
        "wires": []
    },
    {
        "id": "432897865a29a141",
        "type": "link out",
        "z": "f6f2187d.f17ca8",
        "name": "Valeurs 05",
        "mode": "link",
        "links": [
            "48a3169c63b8aef5"
        ],
        "x": 755,
        "y": 100,
        "wires": []
    },
    {
        "id": "3107c1727641d67d",
        "type": "link in",
        "z": "f6f2187d.f17ca8",
        "name": "Valeurs 02",
        "links": [
            "208c6cfade8ec9bb"
        ],
        "x": 375,
        "y": 320,
        "wires": [
            [
                "ec28fa3cc066fc6e"
            ]
        ]
    },
    {
        "id": "25b86c04f85715af",
        "type": "link in",
        "z": "f6f2187d.f17ca8",
        "name": "Valeurs 03",
        "links": [
            "3bdb4837fcf6467e"
        ],
        "x": 635,
        "y": 320,
        "wires": [
            [
                "82b1b7a6c117fc26"
            ]
        ]
    },
    {
        "id": "c46ddff2e40bf4a2",
        "type": "link in",
        "z": "f6f2187d.f17ca8",
        "name": "Valeurs 04",
        "links": [
            "ea2f96d737fc6379"
        ],
        "x": 895,
        "y": 320,
        "wires": [
            [
                "e8270b05712e2841"
            ]
        ]
    },
    {
        "id": "48a3169c63b8aef5",
        "type": "link in",
        "z": "f6f2187d.f17ca8",
        "name": "Valeurs 05",
        "links": [
            "432897865a29a141"
        ],
        "x": 1155,
        "y": 320,
        "wires": [
            [
                "989de017f4fc4b3e"
            ]
        ]
    },
    {
        "id": "ec28fa3cc066fc6e",
        "type": "function",
        "z": "f6f2187d.f17ca8",
        "name": "values",
        "func": "var msg1;\nvar msg2;\nvar msg3;\nvar msg4;\nvar msg5;\n\nif (msg.payload.id === \"c02-temperature\")\n{\n    msg1 = {payload: msg.payload.value};\n}\n\nif (msg.payload.id === \"c02-pression-co2\")\n{\n    msg2 = {payload: msg.payload.value};\n}\n\nif (msg.payload.id === \"c02-pression-o2\")\n{\n    msg3 = {payload: msg.payload.value};\n}\n\nif (msg.payload.id === \"c02-volume\")\n{\n    msg4 = {payload: msg.payload.value};\n}\n\nif (msg.payload.value == 0)\n{\n    msg5 = {payload: false};\n} else {\n    msg5 = {payload: true};\n}\n\nreturn [ msg1, msg2, msg3, msg4, msg5 ];",
        "outputs": 5,
        "noerr": 0,
        "initialize": "",
        "finalize": "",
        "libs": [],
        "x": 470,
        "y": 320,
        "wires": [
            [
                "6dca4ebe0e0e35b8"
            ],
            [
                "284a27014af829b4"
            ],
            [
                "176193947e884c7a"
            ],
            [
                "c38bccc986a11015"
            ],
            [
                "b421c2d33759bc75",
                "4ddef3d2d0cdfe91"
            ]
        ]
    },
    {
        "id": "82b1b7a6c117fc26",
        "type": "function",
        "z": "f6f2187d.f17ca8",
        "name": "values",
        "func": "var msg1;\nvar msg2;\nvar msg3;\nvar msg4;\nvar msg5;\n\nif (msg.payload.id === \"c03-temperature\")\n{\n    msg1 = {payload: msg.payload.value};\n}\n\nif (msg.payload.id === \"c03-pression-co2\")\n{\n    msg2 = {payload: msg.payload.value};\n}\n\nif (msg.payload.id === \"c03-pression-o2\")\n{\n    msg3 = {payload: msg.payload.value};\n}\n\nif (msg.payload.id === \"c03-volume\")\n{\n    msg4 = {payload: msg.payload.value};\n}\n\nif (msg.payload.value == 0)\n{\n    msg5 = {payload: false};\n} else {\n    msg5 = {payload: true};\n}\n\nreturn [ msg1, msg2, msg3, msg4, msg5 ];",
        "outputs": 5,
        "noerr": 0,
        "initialize": "",
        "finalize": "",
        "libs": [],
        "x": 730,
        "y": 320,
        "wires": [
            [
                "6d43ca15fe37a9b5"
            ],
            [
                "b87b890d37552593"
            ],
            [
                "6e28bde35a0f7e2f"
            ],
            [
                "e3607f015853c059"
            ],
            [
                "645dcb349b49a0fb",
                "f805187f6ad5a7b1"
            ]
        ]
    },
    {
        "id": "e8270b05712e2841",
        "type": "function",
        "z": "f6f2187d.f17ca8",
        "name": "values",
        "func": "var msg1;\nvar msg2;\nvar msg3;\nvar msg4;\nvar msg5;\n\nif (msg.payload.id === \"c04-temperature\")\n{\n    msg1 = {payload: msg.payload.value};\n}\n\nif (msg.payload.id === \"c04-pression-co2\")\n{\n    msg2 = {payload: msg.payload.value};\n}\n\nif (msg.payload.id === \"c04-pression-o2\")\n{\n    msg3 = {payload: msg.payload.value};\n}\n\nif (msg.payload.id === \"c04-volume\")\n{\n    msg4 = {payload: msg.payload.value};\n}\n\nif (msg.payload.value == 0)\n{\n    msg5 = {payload: false};\n} else {\n    msg5 = {payload: true};\n}\n\nreturn [ msg1, msg2, msg3, msg4, msg5 ];",
        "outputs": 5,
        "noerr": 0,
        "initialize": "",
        "finalize": "",
        "libs": [],
        "x": 990,
        "y": 320,
        "wires": [
            [
                "7c718d7978365b00"
            ],
            [
                "6138e8ad56454c0e"
            ],
            [
                "b85bb2da240bdeb9"
            ],
            [
                "5a953340fc0d484d"
            ],
            [
                "57e9b5647f2edab0",
                "50e6698505d72a3e"
            ]
        ]
    },
    {
        "id": "989de017f4fc4b3e",
        "type": "function",
        "z": "f6f2187d.f17ca8",
        "name": "values",
        "func": "var msg1;\nvar msg2;\nvar msg3;\nvar msg4;\nvar msg5;\n\nif (msg.payload.id === \"c05-temperature\")\n{\n    msg1 = {payload: msg.payload.value};\n}\n\nif (msg.payload.id === \"c05-pression-co2\")\n{\n    msg2 = {payload: msg.payload.value};\n}\n\nif (msg.payload.id === \"c05-pression-o2\")\n{\n    msg3 = {payload: msg.payload.value};\n}\n\nif (msg.payload.id === \"c05-volume\")\n{\n    msg4 = {payload: msg.payload.value};\n}\n\nif (msg.payload.value == 0)\n{\n    msg5 = {payload: false};\n} else {\n    msg5 = {payload: true};\n}\n\nreturn [ msg1, msg2, msg3, msg4, msg5 ];",
        "outputs": 5,
        "noerr": 0,
        "initialize": "",
        "finalize": "",
        "libs": [],
        "x": 1250,
        "y": 320,
        "wires": [
            [
                "033e3a352305a11e"
            ],
            [
                "132469edc7158584"
            ],
            [
                "1c0fc7b45d55b3ff"
            ],
            [
                "9d1b1580105d766b"
            ],
            [
                "a3b26f25d0fd1e0f",
                "63f94c0264f1f0df"
            ]
        ]
    },
    {
        "id": "db16a98223667db8",
        "type": "debug",
        "z": "f6f2187d.f17ca8",
        "d": true,
        "name": "",
        "active": true,
        "tosidebar": true,
        "console": false,
        "tostatus": false,
        "complete": "payload",
        "targetType": "msg",
        "statusVal": "",
        "statusType": "auto",
        "x": 910,
        "y": 60,
        "wires": []
    },
    {
        "id": "0ede83a35918dcaf",
        "type": "ui_template",
        "z": "f6f2187d.f17ca8",
        "group": "5419498f4e93e296",
        "name": "Administration",
        "order": 5,
        "width": 0,
        "height": 0,
        "format": "<a target=\"_blank\" rel=\"noopener noreferrer\" href=\"https://administration.indus2000.local\"> Supervision </a>\n<a target=\"_blank\" rel=\"noopener noreferrer\" href=\"https://administration.indus2000.local/proxy\"> Reverse Proxy </a>",
        "storeOutMessages": true,
        "fwdInMessages": true,
        "resendOnRefresh": true,
        "templateScope": "local",
        "className": "",
        "x": 200,
        "y": 860,
        "wires": [
            []
        ]
    },
    {
        "id": "cc542653cc8f522f",
        "type": "function",
        "z": "f6f2187d.f17ca8",
        "name": "values",
        "func": "var msg1;\nvar msg2;\nvar msg3;\nvar msg4;\nvar msg5;\n\nif (msg.payload.id === \"c01-temperature\")\n{\n    msg1 = {payload: msg.payload.value};\n}\n\nif (msg.payload.id === \"c01-pression-co2\")\n{\n    msg2 = {payload: msg.payload.value};\n}\n\nif (msg.payload.id === \"c01-pression-o2\")\n{\n    msg3 = {payload: msg.payload.value};\n}\n\nif (msg.payload.id === \"c01-volume\")\n{\n    msg4 = {payload: msg.payload.value};\n}\n\nif (msg.payload.value == 0)\n{\n    msg5 = {payload: false};\n} else {\n    msg5 = {payload: true};\n}\n\nreturn [ msg1, msg2, msg3, msg4, msg5 ];",
        "outputs": 5,
        "noerr": 0,
        "initialize": "",
        "finalize": "",
        "libs": [],
        "x": 210,
        "y": 320,
        "wires": [
            [
                "1ea70cd58eb53ead"
            ],
            [
                "b37882b3f4984e89"
            ],
            [
                "b6079bc4634dd836"
            ],
            [
                "6bb8209516326a1c"
            ],
            [
                "2b131d8c94d559fb",
                "f8eb3a683f8f0376"
            ]
        ]
    },
    {
        "id": "4103cf6c0b161aa7",
        "type": "comment",
        "z": "f6f2187d.f17ca8",
        "name": "",
        "info": "si 0 = red",
        "x": 200,
        "y": 200,
        "wires": []
    },
    {
        "id": "0c81294015339b15",
        "type": "ui_text",
        "z": "f6f2187d.f17ca8",
        "group": "3c692b974ea0568e",
        "order": 4,
        "width": 0,
        "height": 0,
        "name": "Retour Cube-01",
        "label": "",
        "format": "{{msg.payload}}",
        "layout": "col-center",
        "className": "",
        "x": 200,
        "y": 760,
        "wires": []
    },
    {
        "id": "1ae308b597150358",
        "type": "ui_text",
        "z": "f6f2187d.f17ca8",
        "group": "7ec7e813549bc846",
        "order": 4,
        "width": 0,
        "height": 0,
        "name": "",
        "label": "",
        "format": "{{msg.payload}}",
        "layout": "col-center",
        "className": "",
        "x": 490,
        "y": 760,
        "wires": []
    },
    {
        "id": "102e0925f7080ff7",
        "type": "ui_text",
        "z": "f6f2187d.f17ca8",
        "group": "82efa7a6c7ec4155",
        "order": 4,
        "width": 0,
        "height": 0,
        "name": "",
        "label": "",
        "format": "{{msg.payload}}",
        "layout": "col-center",
        "className": "",
        "x": 750,
        "y": 760,
        "wires": []
    },
    {
        "id": "f6f133bf5e60ddfe",
        "type": "ui_text",
        "z": "f6f2187d.f17ca8",
        "group": "f806e77ed84b0abc",
        "order": 4,
        "width": 0,
        "height": 0,
        "name": "",
        "label": "",
        "format": "{{msg.payload}}",
        "layout": "col-center",
        "className": "",
        "x": 1010,
        "y": 760,
        "wires": []
    },
    {
        "id": "f4fee75f7295d9d9",
        "type": "ui_text",
        "z": "f6f2187d.f17ca8",
        "group": "e1f821ede2a7de2f",
        "order": 4,
        "width": 0,
        "height": 0,
        "name": "",
        "label": "",
        "format": "{{msg.payload}}",
        "layout": "col-center",
        "className": "",
        "x": 1270,
        "y": 760,
        "wires": []
    },
    {
        "id": "984209a1fae56ed5",
        "type": "link in",
        "z": "f6f2187d.f17ca8",
        "name": "Retour 01",
        "links": [
            "90d5dc1ebe284b5d"
        ],
        "x": 75,
        "y": 720,
        "wires": [
            [
                "0c81294015339b15"
            ]
        ]
    },
    {
        "id": "48cb73684f8e07a9",
        "type": "link in",
        "z": "f6f2187d.f17ca8",
        "name": "",
        "links": [],
        "x": 395,
        "y": 760,
        "wires": [
            [
                "1ae308b597150358"
            ]
        ]
    },
    {
        "id": "29a2fdbe224645b8",
        "type": "link in",
        "z": "f6f2187d.f17ca8",
        "name": "",
        "links": [],
        "x": 655,
        "y": 760,
        "wires": [
            [
                "102e0925f7080ff7"
            ]
        ]
    },
    {
        "id": "82ce1dd6a56f247a",
        "type": "link in",
        "z": "f6f2187d.f17ca8",
        "name": "",
        "links": [],
        "x": 915,
        "y": 760,
        "wires": [
            [
                "f6f133bf5e60ddfe"
            ]
        ]
    },
    {
        "id": "73bb69b79722efb3",
        "type": "link in",
        "z": "f6f2187d.f17ca8",
        "name": "",
        "links": [],
        "x": 1175,
        "y": 760,
        "wires": [
            [
                "f4fee75f7295d9d9"
            ]
        ]
    },
    {
        "id": "90d5dc1ebe284b5d",
        "type": "link out",
        "z": "f6f2187d.f17ca8",
        "name": "Retour 01",
        "mode": "link",
        "links": [
            "984209a1fae56ed5"
        ],
        "x": 1475,
        "y": 1100,
        "wires": []
    },
    {
        "id": "7fabbf4c74e70f5a",
        "type": "mqtt out",
        "z": "f6f2187d.f17ca8",
        "name": "",
        "topic": "controls",
        "qos": "",
        "retain": "",
        "respTopic": "",
        "contentType": "",
        "userProps": "",
        "correl": "",
        "expiry": "",
        "broker": "4960d68473603c84",
        "x": 1120,
        "y": 960,
        "wires": []
    },
    {
        "id": "2cae103b2d7cbfbd",
        "type": "mqtt in",
        "z": "f6f2187d.f17ca8",
        "name": "",
        "topic": "controls",
        "qos": "2",
        "datatype": "utf8",
        "broker": "4960d68473603c84",
        "nl": false,
        "rap": true,
        "rh": 0,
        "inputs": 0,
        "x": 1230,
        "y": 960,
        "wires": [
            [
                "6c4bae25486603da"
            ]
        ]
    },
    {
        "id": "4940d63cd0dc3f62",
        "type": "debug",
        "z": "f6f2187d.f17ca8",
        "name": "",
        "active": true,
        "tosidebar": true,
        "console": false,
        "tostatus": false,
        "complete": "false",
        "statusVal": "",
        "statusType": "auto",
        "x": 1430,
        "y": 880,
        "wires": []
    },
    {
        "id": "6c4bae25486603da",
        "type": "switch",
        "z": "f6f2187d.f17ca8",
        "name": "",
        "property": "payload",
        "propertyType": "msg",
        "rules": [
            {
                "t": "nempty"
            }
        ],
        "checkall": "true",
        "repair": false,
        "outputs": 1,
        "x": 1370,
        "y": 960,
        "wires": [
            [
                "4940d63cd0dc3f62",
                "b0bfa4d783625d66",
                "90d5dc1ebe284b5d"
            ]
        ]
    },
    {
        "id": "b0bfa4d783625d66",
        "type": "delay",
        "z": "f6f2187d.f17ca8",
        "name": "",
        "pauseType": "delay",
        "timeout": "15",
        "timeoutUnits": "seconds",
        "rate": "1",
        "nbRateUnits": "1",
        "rateUnits": "second",
        "randomFirst": "1",
        "randomLast": "5",
        "randomUnits": "seconds",
        "drop": false,
        "allowrate": false,
        "outputs": 1,
        "x": 1540,
        "y": 960,
        "wires": [
            [
                "3f0ca9c0958645b8"
            ]
        ]
    },
    {
        "id": "496b797ea8e7c0bb",
        "type": "debug",
        "z": "f6f2187d.f17ca8",
        "name": "",
        "active": true,
        "tosidebar": true,
        "console": false,
        "tostatus": false,
        "complete": "true",
        "targetType": "full",
        "statusVal": "",
        "statusType": "auto",
        "x": 830,
        "y": 840,
        "wires": []
    },
    {
        "id": "3adaf785f0669f65",
        "type": "function",
        "z": "f6f2187d.f17ca8",
        "name": "choice",
        "func": "var test;\n\nif (context.get('action') === \"Restart Cuve-01\")\n{\n    msg.payload = \"ok\";\n}\nreturn msg;",
        "outputs": 1,
        "noerr": 0,
        "initialize": "",
        "finalize": "",
        "libs": [],
        "x": 790,
        "y": 960,
        "wires": [
            [
                "9dce5ae8f13a3cb3",
                "496b797ea8e7c0bb"
            ]
        ]
    },
    {
        "id": "1294283bf7a06f99",
        "type": "function",
        "z": "f6f2187d.f17ca8",
        "name": "set",
        "func": "context.set('action', msg.payload);\nreturn msg;",
        "outputs": 1,
        "noerr": 0,
        "initialize": "",
        "finalize": "",
        "libs": [],
        "x": 270,
        "y": 980,
        "wires": [
            [
                "fadced2d39f9590b"
            ]
        ]
    }
]