{
    "mqtt": {
        "username": "indus-admin",
        "password": "systemofadown",
        "host": "proxy",
        "port": 1883,
        "topic": "sensors"
    },
    "misc": {
        "interval_ms": 5000,
        "verbose": true
    },
    "sensors": {
        "cuve-05-temperature": {
            "unit": "C",
            "type": "temperature",
            "range": [0, 0],
            "description": "sonde temperature"
        },
        "cuve-05-pression-co2": {
            "unit": "bar",
            "type": "pression",
            "range": [0, 0],
            "description": "sonde pression co2"
        },
        "cuve-05-pression-o2": {
            "unit": "bar",
            "type": "pression",
            "range": [0, 0],
            "description": "sonde pression o2"
        },
        "cuve-05-volume": {
            "unit": "L",
            "type": "volume",
            "range": [0, 0],
            "description": "sonde volume"
        }
    }
}
